Rank,Prev.,Country Flag,Rider,Team,Date of birth,CQ
1,(1),https://cqranking.com/common/flags/SLO.gif,POGACAR Tadej,UEX,21/09/1998,4196
2,(2),https://cqranking.com/common/flags/MEX.gif,DEL TORO ROMERO Isaac,UEX,27/11/2003,2255
3,(6),https://cqranking.com/common/flags/BEL.gif,EVENEPOEL Remco,RBH,25/01/2000,2190
4,(3),https://cqranking.com/common/flags/DEN.gif,VINGEGAARD HANSEN Jonas,TVL,10/12/1996,2111
5,(73),https://cqranking.com/common/flags/FRA.gif,SEIXAS Paul,DCT,24/09/2006,1740
6,(16),https://cqranking.com/common/flags/BEL.gif,PHILIPSEN Jasper,APT,02/03/1998,1715
7,(58),https://cqranking.com/common/flags/SUI.gif,SCHMID Mauro,JAY,04/12/1999,1296
8,(28),https://cqranking.com/common/flags/FRA.gif,MARTINEZ Lenny,TBV,11/07/2003,1248
9,(24),https://cqranking.com/common/flags/BEL.gif,VAN AERT Wout,TVL,15/09/1994,1236
10,(7),https://cqranking.com/common/flags/GBR.gif,PIDCOCK Thomas,PQT,30/07/1999,1200
11,(65),https://cqranking.com/common/flags/NOR.gif,JOHANNESSEN Tobias Halland,UXM,23/08/1999,1160
12,(34),https://cqranking.com/common/flags/AUT.gif,GALL Felix,DCT,27/02/1998,1139
13,(13),https://cqranking.com/common/flags/ITA.gif,SCARONI Christian,XAT,16/10/1997,1138
14,(8),https://cqranking.com/common/flags/NED.gif,VAN DER POEL Mathieu,APT,19/01/1995,1086
15,(19),https://cqranking.com/common/flags/FRA.gif,GREGOIRE Romain,GFC,21/01/2003,1062
16,(69),https://cqranking.com/common/flags/ITA.gif,PELLIZZARI Giulio,RBH,21/11/2003,1034
17,(29),https://cqranking.com/common/flags/GER.gif,LIPOWITZ Florian,RBH,21/09/2000,1027
18,(49),https://cqranking.com/common/flags/ECU.gif,CARAPAZ MONTENEGRO Richard Antonio,EFE,29/05/1993,1015
19,(297),https://cqranking.com/common/flags/NZL.gif,PITHIE Laurence,RBH,17/07/2002,1004
20,(10),https://cqranking.com/common/flags/FRA.gif,MAGNIER Paul,SOQ,14/04/2004,979
21,(54),https://cqranking.com/common/flags/DEN.gif,LUND ANDRESEN Tobias,DCT,20/08/2002,979
22,(27),https://cqranking.com/common/flags/DEN.gif,SKJELMOSE JENSEN Mattias,LTK,26/09/2000,938
23,(57),https://cqranking.com/common/flags/ESP.gif,ARANBURU DEVA Alexander,COF,19/09/1995,927
24,(256),https://cqranking.com/common/flags/FRA.gif,COSNEFROY Benoit,UEX,17/10/1995,914
25,(22),https://cqranking.com/common/flags/ITA.gif,MILAN Jonathan,LTK,01/10/2000,900
26,(5),https://cqranking.com/common/flags/DEN.gif,PEDERSEN Mads,LTK,18/12/1995,878
27,(100),https://cqranking.com/common/flags/URU.gif,SILVA COUSSAN Guillermo Thomas,XAT,30/12/2001,874
28,(225),https://cqranking.com/common/flags/ESP.gif,IZAGIRRE INSAUSTI Ion,COF,04/02/1989,794
29,(46),https://cqranking.com/common/flags/SUI.gif,CHRISTEN Jan,UEX,26/06/2004,771
30,(25),https://cqranking.com/common/flags/GBR.gif,BRENNAN Matthew,TVL,06/08/2005,764
31,(17),https://cqranking.com/common/flags/BEL.gif,MERLIER Tim,SOQ,30/10/1992,757
32,(12),https://cqranking.com/common/flags/ESP.gif,AYUSO PESQUERA Juan,LTK,16/09/2002,741
33,(32),https://cqranking.com/common/flags/USA.gif,JORGENSON Matteo,TVL,01/07/1999,724
34,(55),https://cqranking.com/common/flags/BEL.gif,MEEUS Jordi,RBH,01/07/1998,712
35,(263),https://cqranking.com/common/flags/FRA.gif,BAUDIN Alex,EFE,25/05/2001,694
36,(224),https://cqranking.com/common/flags/ERI.gif,TESFATSION Natnael Ocbit,MOV,23/05/1999,688
37,(157),https://cqranking.com/common/flags/BEL.gif,BERCKMOES Jenno,LOI,04/02/2001,679
38,(251),https://cqranking.com/common/flags/FRA.gif,LAPORTE Christophe,TVL,11/12/1992,679
39,(166),https://cqranking.com/common/flags/BEL.gif,STUYVEN Jasper,SOQ,17/04/1992,669
40,(113),https://cqranking.com/common/flags/NED.gif,GROENEWEGEN Dylan,URR,21/06/1993,666
41,(98),https://cqranking.com/common/flags/GBR.gif,ASKEY Lewis,NSN,04/05/2001,666
42,(21),https://cqranking.com/common/flags/NED.gif,KOOIJ Olav,DCT,17/10/2001,665
43,(37),https://cqranking.com/common/flags/NED.gif,ARENSMAN Thymen,NCI,04/12/1999,663
44,(18),https://cqranking.com/common/flags/ITA.gif,CICCONE Giulio,LTK,20/12/1994,658
45,(43),https://cqranking.com/common/flags/FRA.gif,GODON Dorian,NCI,25/05/1996,648
46,(76),https://cqranking.com/common/flags/POR.gif,MORGADO Antonio Tomas,UEX,28/01/2004,631
47,(42),https://cqranking.com/common/flags/ERI.gif,GIRMAY HAILU Biniam,NSN,02/04/2000,629
48,(109),https://cqranking.com/common/flags/CZE.gif,VACEK Mathias,LTK,12/06/2002,628
49,(95),https://cqranking.com/common/flags/AUS.gif,PLAPP Lucas,JAY,25/12/2000,623
50,(70),https://cqranking.com/common/flags/AUS.gif,HINDLEY Jai,RBH,05/05/1996,619
51,(350),https://cqranking.com/common/flags/GER.gif,BRENNER Marco,TUD,27/08/2002,619
52,(103),https://cqranking.com/common/flags/ITA.gif,TIBERI Antonio,TBV,24/06/2001,615
53,(41),https://cqranking.com/common/flags/SVK.gif,KUBIS Lukas,URR,31/01/2000,611
54,(44),https://cqranking.com/common/flags/COL.gif,BERNAL GOMEZ Egan Arley,NCI,13/01/1997,594
55,(101),https://cqranking.com/common/flags/FRA.gif,LAPEIRA Paul,DCT,25/05/2000,591
56,(92),https://cqranking.com/common/flags/USA.gif,RICCITELLO Matthew,DCT,05/03/2002,591
57,(30),https://cqranking.com/common/flags/ITA.gif,GANNA Filippo,NCI,25/07/1996,590
58,(53),https://cqranking.com/common/flags/CAN.gif,GEE-WEST Derek,LTK,03/08/1997,583
59,(280),https://cqranking.com/common/flags/POR.gif,EULALIO Afonso,TBV,30/09/2001,572
60,(209),https://cqranking.com/common/flags/ITA.gif,FANCELLU Alessandro,MBH,24/04/2000,568
61,(243),https://cqranking.com/common/flags/ESP.gif,ARRIETA LIZARRAGA Igor,UEX,08/12/2002,564
62,(132),https://cqranking.com/common/flags/FRA.gif,RONDEL Mathys,TUD,23/09/2003,563
63,(88),https://cqranking.com/common/flags/ESP.gif,ROMEO ABAD Ivan,MOV,16/08/2003,563
64,(83),https://cqranking.com/common/flags/ITA.gif,PIGANZOLI Davide,TVL,08/07/2002,550
65,(51),https://cqranking.com/common/flags/NOR.gif,WAERENSKJOLD Søren,UXM,12/03/2000,545
66,(119),https://cqranking.com/common/flags/FRA.gif,VENTURINI Clément,URR,16/10/1993,539
67,(102),https://cqranking.com/common/flags/ESP.gif,MAS NICOLAU Enric,MOV,07/01/1995,531
68,(154),https://cqranking.com/common/flags/BEL.gif,HERMANS Quinten,PQT,29/07/1995,525
69,(163),https://cqranking.com/common/flags/NOR.gif,LEKNESSUND Andreas,UXM,21/05/1999,521
70,(337),https://cqranking.com/common/flags/DEN.gif,FOLDAGER Anders,JAY,27/07/2001,509
71,(33),https://cqranking.com/common/flags/SLO.gif,ROGLIC Primoz,RBH,29/10/1989,509
72,(107),https://cqranking.com/common/flags/NED.gif,TEUNISSEN Mike,XAT,25/08/1992,506
73,(77),https://cqranking.com/common/flags/BEL.gif,VERMEERSCH Florian,UEX,12/03/1999,501
74,(127),https://cqranking.com/common/flags/COL.gif,TEJADA CANACUE Harold Alfonso,XAT,27/04/1997,500
75,(638),https://cqranking.com/common/flags/AUS.gif,BERWICK Sebastian,CJR,15/12/1999,492
76,(181),https://cqranking.com/common/flags/BEL.gif,SEGAERT Alec,TBV,16/01/2003,492
77,(79),https://cqranking.com/common/flags/ERI.gif,MULUBRHAN Henok,XAT,11/11/1999,487
78,(64),https://cqranking.com/common/flags/GBR.gif,TULETT Ben,TVL,26/08/2001,482
79,(14),https://cqranking.com/common/flags/FRA.gif,VAUQUELIN Kévin,NCI,26/04/2001,482
80,(59),https://cqranking.com/common/flags/ESP.gif,BILBAO LOPEZ DE ARMENTIA Pello,TBV,25/02/1990,481
81,(284),https://cqranking.com/common/flags/ITA.gif,ZANA Filippo,SOQ,18/03/1999,480
82,(94),https://cqranking.com/common/flags/FRA.gif,JEGAT Jordan,TEN,07/06/1999,475
83,(196),https://cqranking.com/common/flags/FRA.gif,PARET PEINTRE Valentin,SOQ,14/01/2001,467
84,(153),https://cqranking.com/common/flags/USA.gif,KUSS Sepp,TVL,13/09/1994,467
85,(68),https://cqranking.com/common/flags/BEL.gif,FRETIN Milan,COF,19/03/2001,461
86,(50),https://cqranking.com/common/flags/GBR.gif,YATES Adam,UEX,07/08/1992,459
87,(116),https://cqranking.com/common/flags/ITA.gif,TRENTIN Matteo,TUD,02/08/1989,454
88,(171),https://cqranking.com/common/flags/FRA.gif,COSTIOU Ewen,GFC,10/11/2002,452
89,(90),https://cqranking.com/common/flags/GER.gif,KANTER Max,XAT,22/10/1997,452
90,(404),https://cqranking.com/common/flags/USA.gif,AUGUST Andrew,NCI,12/10/2005,451
91,(26),https://cqranking.com/common/flags/AUS.gif,STORER Michael,TUD,28/02/1997,447
92,(9),https://cqranking.com/common/flags/BEL.gif,DE LIE Arnaud,LOI,16/03/2002,444
93,(67),https://cqranking.com/common/flags/COL.gif,BUITRAGO SANCHEZ Santiago,TBV,26/09/1999,443
94,(194),https://cqranking.com/common/flags/ESP.gif,BARRENETXEA GOLZARRI Jon,MOV,20/04/2000,441
95,(140),https://cqranking.com/common/flags/FRA.gif,COQUARD Bryan,COF,25/04/1992,438
96,(202),https://cqranking.com/common/flags/FRA.gif,GUERIN Alexis,ACR,06/06/1992,437
97,(210),https://cqranking.com/common/flags/ITA.gif,VENDRAME Andrea,JAY,20/07/1994,434
98,(456),https://cqranking.com/common/flags/FRA.gif,MARIAULT Axel,CIC,07/06/1998,430
99,(195),https://cqranking.com/common/flags/SLO.gif,OMRZEL Jakob,TBV,21/03/2006,425
100,(272),https://cqranking.com/common/flags/FRA.gif,BISIAUX Léo,DCT,14/02/2005,422
101,(104),https://cqranking.com/common/flags/FRA.gif,BARRE Louis,TVL,06/04/2000,421
102,(121),https://cqranking.com/common/flags/FRA.gif,GRUEL Thibaud,GFC,01/05/2004,419
103,(35),https://cqranking.com/common/flags/NZL.gif,STRONG Corbin,NSN,30/04/2000,418
104,(160),https://cqranking.com/common/flags/NZL.gif,FISHER-BLACK Finn,RBH,21/12/2001,417
105,(323),https://cqranking.com/common/flags/RUS.gif,VLASOV Aleksandr,RBH,23/04/1996,414
106,(364),https://cqranking.com/common/flags/NED.gif,LEMMEN Bart,TVL,14/10/1995,412
107,(74),https://cqranking.com/common/flags/FRA.gif,DELETTRE Alexandre,TEN,25/10/1997,410
108,(20),https://cqranking.com/common/flags/AUS.gif,VINE Jay,UEX,16/11/1995,409
109,(96),https://cqranking.com/common/flags/USA.gif,SIMMONS Quinn,LTK,08/05/2001,399
110,(56),https://cqranking.com/common/flags/BEL.gif,WELLENS Tim,UEX,10/05/1991,399
111,(169),https://cqranking.com/common/flags/USA.gif,SHEEHAN Riley,NSN,16/06/2000,398
112,(191),https://cqranking.com/common/flags/FRA.gif,TURGIS Anthony,TEN,16/05/1994,394
113,(-),https://cqranking.com/common/flags/ITA.gif,POZZOVIVO Domenico,TFT,30/11/1982,390
114,(235),https://cqranking.com/common/flags/NOR.gif,NORDHAGEN Jørgen,TVL,10/01/2005,389
115,(99),https://cqranking.com/common/flags/AUS.gif,O'CONNOR Ben,JAY,25/11/1995,389
116,(11),https://cqranking.com/common/flags/GBR.gif,ONLEY Oscar,NCI,13/10/2002,381
117,(238),https://cqranking.com/common/flags/SUI.gif,VOISARD Yannis,TUD,26/07/1998,376
118,(145),https://cqranking.com/common/flags/FRA.gif,LAURANCE Axel,NCI,13/04/2001,376
119,(781),https://cqranking.com/common/flags/FRA.gif,ISIDORE Noa,DCT,17/09/2004,376
120,(457),https://cqranking.com/common/flags/ESP.gif,RUIZ SEDANO Ibon,EKP,30/01/1999,375
121,(276),https://cqranking.com/common/flags/ITA.gif,MOZZATO Luca,TUD,15/02/1998,375
122,(664),https://cqranking.com/common/flags/GER.gif,WALSCHEID Maximilian,LTK,13/06/1993,374
123,(170),https://cqranking.com/common/flags/NED.gif,PLUIMERS Rick,TUD,07/12/2000,374
124,(66),https://cqranking.com/common/flags/FRA.gif,CHAMPOUSSIN Clément,XAT,29/05/1998,372
125,(139),https://cqranking.com/common/flags/GBR.gif,VERNON Ethan,NSN,26/08/2000,372
126,(995),https://cqranking.com/common/flags/FRA.gif,GRISEL Matys,LOI,14/07/2005,370
127,(908),https://cqranking.com/common/flags/AUS.gif,TUCKWELL Luke,RBH,21/06/2004,370
128,(551),https://cqranking.com/common/flags/NED.gif,VAN DIJKE Tim,RBH,15/03/2000,369
129,(308),https://cqranking.com/common/flags/USA.gif,VERMAERKE Kevin,UEX,16/10/2000,369
130,(405),https://cqranking.com/common/flags/ESP.gif,PERICAS CAPDEVILA Adria,UEX,26/05/2006,369
131,(250),https://cqranking.com/common/flags/SRB.gif,RAJOVIC Dusan,TFT,19/11/1997,366
132,(300),https://cqranking.com/common/flags/DEN.gif,CHARMIG Anthon,UXM,25/03/1998,364
133,(228),https://cqranking.com/common/flags/BEL.gif,VAN EETVELT Lennert,LOI,17/07/2001,363
134,(739),https://cqranking.com/common/flags/COL.gif,SOSA CUERVO Ivan Ramiro,EKP,31/10/1997,362
135,(516),https://cqranking.com/common/flags/COL.gif,MARTINEZ POVEDA Daniel Felipe,RBH,25/04/1996,355
136,(389),https://cqranking.com/common/flags/ESP.gif,BERASATEGI GARMENDIA Xabier,EUS,08/04/2000,354
137,(234),https://cqranking.com/common/flags/BEL.gif,VERMEERSCH Gianni,RBH,19/11/1992,354
138,(390),https://cqranking.com/common/flags/ITA.gif,CRESCIOLI Ludovico,PTV,20/10/2003,347
139,(310),https://cqranking.com/common/flags/ITA.gif,PINARELLO Alessandro,NSN,12/07/2003,346
140,(231),https://cqranking.com/common/flags/ESP.gif,BERRADE FERNANDEZ Urko,EKP,28/11/1997,344
141,(567),https://cqranking.com/common/flags/NOR.gif,HAGENES Per Strand,TVL,10/07/2003,343
142,(135),https://cqranking.com/common/flags/ITA.gif,LONARDI Giovanni,PTV,09/11/1996,340
143,(691),https://cqranking.com/common/flags/ESP.gif,BELOKI FERNANDEZ Markel,EFE,27/07/2005,340
144,(72),https://cqranking.com/common/flags/GBR.gif,WRIGHT Fred,PQT,13/06/1999,337
145,(226),https://cqranking.com/common/flags/BEL.gif,DE SCHUYTENEER Steffen,LOI,24/02/2005,336
146,(81),https://cqranking.com/common/flags/ITA.gif,ULISSI Diego,XAT,15/07/1989,334
147,(414),https://cqranking.com/common/flags/BEL.gif,DE GENDT Aime,PQT,17/06/1994,332
148,(218),https://cqranking.com/common/flags/GER.gif,ZIMMERMANN Georg,LOI,11/10/1997,331
149,(859),https://cqranking.com/common/flags/NZL.gif,OLIVER Ben,MAP,17/12/1996,331
150,(459),https://cqranking.com/common/flags/GER.gif,POLITT Nils,UEX,06/03/1994,331
151,(31),https://cqranking.com/common/flags/ECU.gif,NARVAEZ PRADO Jhonatan Manuel,UEX,04/03/1997,329
152,(124),https://cqranking.com/common/flags/DEN.gif,CORT NIELSEN Magnus,UXM,16/01/1993,328
153,(187),https://cqranking.com/common/flags/ESP.gif,RODRIGUEZ MARTIN Cristian,XAT,03/03/1995,327
154,(174),https://cqranking.com/common/flags/FRA.gif,RENARD Alexis,COF,01/06/1999,326
155,(142),https://cqranking.com/common/flags/POL.gif,ANIOLKOWSKI Stanislaw,COF,20/01/1997,323
156,(206),https://cqranking.com/common/flags/URU.gif,FAGUNDEZ LIMA Antonio Eric,BBH,19/08/1998,323
157,(801),https://cqranking.com/common/flags/DEN.gif,KAMP Alexander,UXM,14/12/1993,323
158,(275),https://cqranking.com/common/flags/ESP.gif,CASTELLON RIBALTA Jan,CJR,31/07/2003,322
159,(321),https://cqranking.com/common/flags/ITA.gif,FINN Lorenzo,RBC,19/12/2006,317
160,(285),https://cqranking.com/common/flags/GBR.gif,DONOVAN Mark,PQT,03/04/1999,316
161,(85),https://cqranking.com/common/flags/NED.gif,DEL GROSSO Tibor,APT,27/07/2003,316
162,(176),https://cqranking.com/common/flags/FRA.gif,PENHOËT Paul,GFC,28/12/2001,315
163,(122),https://cqranking.com/common/flags/AUT.gif,GROSSSCHARTNER Felix,UEX,23/12/1993,315
164,(60),https://cqranking.com/common/flags/CZE.gif,BITTNER Pavel,TPP,29/10/2002,313
165,(86),https://cqranking.com/common/flags/NOR.gif,ABRAHAMSEN Jonas,UXM,20/09/1995,312
166,(728),https://cqranking.com/common/flags/FRA.gif,L'HOTE Antoine,DCT,27/05/2005,312
167,(240),https://cqranking.com/common/flags/COL.gif,HIGUITA GARCIA Sergio Andres,XAT,01/08/1997,312
168,(82),https://cqranking.com/common/flags/BEL.gif,UIJTDEBROEKS Cian,MOV,28/02/2003,310
169,(313),https://cqranking.com/common/flags/BEL.gif,LOOCKX Lander,URR,25/04/1997,309
170,(48),https://cqranking.com/common/flags/SUI.gif,HIRSCHI Marc,TUD,24/08/1998,309
171,(871),https://cqranking.com/common/flags/DEN.gif,KRON Andreas Lorentz,UXM,01/06/1998,307
172,(556),https://cqranking.com/common/flags/ESP.gif,CAMPRUBI PIJUAN Marcel,PQT,15/09/2001,306
173,(211),https://cqranking.com/common/flags/SWE.gif,SÖDERQVIST Jakob,LTK,31/05/2003,306
174,(539),https://cqranking.com/common/flags/DEN.gif,VALGREN HUNDAHL Michael,EFE,07/02/1992,304
175,(290),https://cqranking.com/common/flags/USA.gif,LAMPERTI Luke,EFE,31/12/2002,304
176,(261),https://cqranking.com/common/flags/ESP.gif,RODRIGUEZ CANO Carlos,NCI,02/02/2001,301
177,(647),https://cqranking.com/common/flags/GER.gif,STEINHAUSER Georg,EFE,21/10/2001,299
178,(370),https://cqranking.com/common/flags/FRA.gif,BRAZ AFONSO Clément,GFC,08/11/1999,298
179,(245),https://cqranking.com/common/flags/ESP.gif,COBO CAYON Ivan,EKP,02/01/2000,298
180,(548),https://cqranking.com/common/flags/BEL.gif,VANSEVENANT Mauri,SOQ,01/06/1999,295
181,(506),https://cqranking.com/common/flags/COL.gif,QUINTANA ROJAS Nairo Alexander,MOV,04/02/1990,294
182,(271),https://cqranking.com/common/flags/FRA.gif,BREUILLARD Nicolas,TEN,13/03/2000,293
183,(178),https://cqranking.com/common/flags/AUS.gif,GILMORE Brady,NSN,14/04/2001,291
184,(123),https://cqranking.com/common/flags/ESP.gif,CANAL BLANCO Carlos,MOV,28/06/2001,290
185,(640),https://cqranking.com/common/flags/GBR.gif,DONALDSON Robert,JAY,08/04/2002,290
186,(36),https://cqranking.com/common/flags/FRA.gif,JEANNIERE Emilien,TEN,26/09/1998,289
187,(192),https://cqranking.com/common/flags/NOR.gif,TILLER Rasmus Fossum,UXM,28/07/1996,288
188,(611),https://cqranking.com/common/flags/GER.gif,HEIDUK Kim,NCI,03/03/2000,287
189,(377),https://cqranking.com/common/flags/AUT.gif,MÜHLBERGER Gregor,DCT,04/04/1994,287
190,(434),https://cqranking.com/common/flags/FRA.gif,HUENS Axel,GFC,05/09/2001,285
191,(411),https://cqranking.com/common/flags/KAZ.gif,VINOKUROV Nicolya,XAT,07/07/2002,284
192,(864),https://cqranking.com/common/flags/NED.gif,BIESTERBOS Frits,TPP,14/02/2002,282
193,(15),https://cqranking.com/common/flags/USA.gif,MCNULTY Brandon,UEX,02/04/1998,282
194,(269),https://cqranking.com/common/flags/ITA.gif,FIORELLI Filippo,TVL,19/11/1994,282
195,(505),https://cqranking.com/common/flags/USA.gif,SHMIDT Artem,NCI,30/01/2004,281
196,(666),https://cqranking.com/common/flags/BEL.gif,VERSTRYNGE Emiel,APT,04/02/2002,280
197,(630),https://cqranking.com/common/flags/GBR.gif,HOBBS Noah,EFE,23/07/2004,279
198,(319),https://cqranking.com/common/flags/FRA.gif,GAUTHERAT Pierre,DCT,16/01/2003,279
199,(258),https://cqranking.com/common/flags/FRA.gif,VERCHER Matteo,TEN,26/01/2001,277
200,(877),https://cqranking.com/common/flags/BEL.gif,SLOCK Liam,LOI,18/09/2000,275
201,(193),https://cqranking.com/common/flags/ESP.gif,GARCIA PIERNA Raul,MOV,23/02/2001,272
202,(427),https://cqranking.com/common/flags/FRA.gif,DECOMBLE Maxime,GFC,16/07/2005,270
203,(343),https://cqranking.com/common/flags/NOR.gif,FOSS Tobias Svendsen,NCI,25/05/1997,269
204,(527),https://cqranking.com/common/flags/POR.gif,ANTUNES Tiago Gomes,EFP,09/04/1997,269
205,(367),https://cqranking.com/common/flags/ITA.gif,RACCAGNI NOVIERO Andrea,SOQ,26/01/2004,268
206,(89),https://cqranking.com/common/flags/FRA.gif,MARTIN GUYONNET Guillaume,GFC,09/06/1993,266
207,(1715),https://cqranking.com/common/flags/BRA.gif,BRAVO Henrique Ribeiro,SQD,20/04/2006,263
208,(213),https://cqranking.com/common/flags/AUS.gif,HARPER Chris,PQT,23/11/1994,263
209,(2875),https://cqranking.com/common/flags/CZE.gif,JEZEK Vaclav,KCR,08/03/2005,261
210,(545),https://cqranking.com/common/flags/ITA.gif,PESENTI Thomas,PTV,16/10/1999,261
211,(1157),https://cqranking.com/common/flags/BEL.gif,HERREGODTS Rune,UEX,27/07/1998,260
212,(328),https://cqranking.com/common/flags/POL.gif,BOGUSLAWSKI Marceli,ATT,07/09/1997,259
213,(114),https://cqranking.com/common/flags/ITA.gif,MOSCHETTI Matteo,PQT,14/08/1996,257
214,(642),https://cqranking.com/common/flags/ITA.gif,ROMELE Alessandro,XAT,30/08/2003,255
215,(471),https://cqranking.com/common/flags/ESP.gif,MARTIN SANZ Gotzon,EUS,15/02/1996,254
216,(294),https://cqranking.com/common/flags/ECU.gif,CEPEDA HERNANDEZ Jefferson Alveiro,MOV,02/03/1996,254
217,(214),https://cqranking.com/common/flags/AUS.gif,WELSFORD Sam,NCI,19/01/1996,254
218,(164),https://cqranking.com/common/flags/ITA.gif,CARUSO Damiano,TBV,12/10/1987,254
219,(199),https://cqranking.com/common/flags/ESP.gif,MIQUEL DELGADO Pau,TBV,20/08/2000,253
220,(858),https://cqranking.com/common/flags/ITA.gif,KONYCHEV Alexander,CAT,25/07/1998,251
221,(230),https://cqranking.com/common/flags/GER.gif,TEUTENBERG Tim Torn,LTK,19/06/2002,251
222,(536),https://cqranking.com/common/flags/RSA.gif,MUNTON Byron,MAP,12/12/1998,250
223,(223),https://cqranking.com/common/flags/ITA.gif,SOBRERO Matteo,LTK,14/05/1997,250
224,(724),https://cqranking.com/common/flags/IRL.gif,MEEHAN Jamie,COF,06/09/2003,250
225,(105),https://cqranking.com/common/flags/NED.gif,VAN POPPEL Danny,RBH,26/07/1993,249
226,(749),https://cqranking.com/common/flags/AUS.gif,EDDY Patrick,TBN,17/10/2002,249
227,(576),https://cqranking.com/common/flags/FRA.gif,TESSON Jason,TEN,09/01/1998,248
228,(183),https://cqranking.com/common/flags/NED.gif,POELS Wout,URR,01/10/1987,247
229,(1018),https://cqranking.com/common/flags/ITA.gif,DATI Tommaso,TUK,13/07/2002,246
230,(388),https://cqranking.com/common/flags/DEN.gif,PEDERSEN Rasmus Søjberg,DCT,09/07/2002,244
231,(617),https://cqranking.com/common/flags/COL.gif,PESCADOR CASTRO Diego,MOV,21/12/2004,244
232,(368),https://cqranking.com/common/flags/ECU.gif,CAICEDO CEPEDA Jonathan Klever,CDT,28/04/1993,244
233,(236),https://cqranking.com/common/flags/SLO.gif,MOHORIC Matej,TBV,19/10/1994,243
234,(165),https://cqranking.com/common/flags/FRA.gif,DELBOVE Joris,TEN,15/07/2000,243
235,(563),https://cqranking.com/common/flags/ARG.gif,SEPULVEDA Eduardo,LNS,13/06/1991,243
236,(312),https://cqranking.com/common/flags/NOR.gif,SVESTAD-BAARDSENG Embret,NCI,01/09/2002,242
237,(80),https://cqranking.com/common/flags/BEL.gif,VAN WILDER Ilan,SOQ,14/05/2000,242
238,(345),https://cqranking.com/common/flags/BEL.gif,VAN MOER Brent,PQT,12/01/1998,241
239,(137),https://cqranking.com/common/flags/ITA.gif,ZAMBANINI Edoardo,TBV,21/04/2001,241
240,(190),https://cqranking.com/common/flags/GER.gif,ENGELHARDT Felix,JAY,19/08/2000,241
241,(205),https://cqranking.com/common/flags/ESP.gif,DIAZ GALLEGO Jose Manuel,BBH,18/01/1995,240
242,(4),https://cqranking.com/common/flags/POR.gif,ALMEIDA Joao Pedro Gonçalves,UEX,05/08/1998,238
243,(1033),https://cqranking.com/common/flags/ITA.gif,BORGO Alessandro,TBV,06/02/2005,237
244,(93),https://cqranking.com/common/flags/NOR.gif,KULSET Johannes,UXM,14/04/2004,236
245,(1054),https://cqranking.com/common/flags/BEL.gif,VAN KERCKHOVE Matisse,VLD,11/09/2006,236
246,(397),https://cqranking.com/common/flags/NED.gif,ARTZ Huub,LOI,14/05/2002,235
247,(1002),https://cqranking.com/common/flags/SUI.gif,BALMER Alexandre,TFT,04/05/2000,234
248,(679),https://cqranking.com/common/flags/BEL.gif,CRABBE Tom,TFB,02/06/2005,233
249,(522),https://cqranking.com/common/flags/COL.gif,UMBA LOPEZ Abner Santiago,TFT,20/11/2002,233
250,(463),https://cqranking.com/common/flags/NED.gif,VAN DIJKE Mick,RBH,15/03/2000,232
251,(592),https://cqranking.com/common/flags/ITA.gif,GUALDI Simone,LOI,16/04/2005,231
252,(608),https://cqranking.com/common/flags/ESP.gif,ALVAREZ MARTINEZ Hector,LTF,12/12/2006,231
253,(408),https://cqranking.com/common/flags/NED.gif,VAN DER TUUK Axel,EUS,25/05/2001,230
254,(518),https://cqranking.com/common/flags/FRA.gif,IZQUIERDO Clément,COF,16/02/2002,230
255,(485),https://cqranking.com/common/flags/NZL.gif,BENNETT George,NSN,07/04/1990,230
256,(701),https://cqranking.com/common/flags/BEL.gif,DEWULF Stan,DCT,20/12/1997,229
257,(91),https://cqranking.com/common/flags/USA.gif,SHEFFIELD Magnus,NCI,19/04/2002,228
258,(349),https://cqranking.com/common/flags/BEL.gif,THIJSSEN Gerben,APT,21/06/1998,227
259,(398),https://cqranking.com/common/flags/NED.gif,KELDERMAN Wilco,TVL,25/03/1991,226
260,(410),https://cqranking.com/common/flags/ITA.gif,TOLIO Alex,BCS,30/03/2000,226
261,(302),https://cqranking.com/common/flags/DEN.gif,KRAGH ANDERSEN Søren,LTK,10/08/1994,225
262,(47),https://cqranking.com/common/flags/ITA.gif,FORTUNATO Lorenzo,XAT,09/05/1996,225
263,(185),https://cqranking.com/common/flags/CZE.gif,KOPECKY Matyas,URR,19/01/2003,222
264,(152),https://cqranking.com/common/flags/FRA.gif,HOFSTETTER Hugo,NSN,13/02/1994,221
265,(222),https://cqranking.com/common/flags/BEL.gif,BIERMANS Jenthe,COF,30/10/1995,218
266,(207),https://cqranking.com/common/flags/ESP.gif,CASTRILLO ZAPATER Pablo,MOV,02/01/2001,217
267,(384),https://cqranking.com/common/flags/ITA.gif,GAROFOLI Gianmarco,SOQ,06/10/2002,217
268,(264),https://cqranking.com/common/flags/ESP.gif,HERRADA LOPEZ Jesus,BBH,26/07/1990,215
269,(584),https://cqranking.com/common/flags/BEL.gif,DEBRUYNE Ramses,APT,31/08/2002,214
270,(112),https://cqranking.com/common/flags/FRA.gif,DUJARDIN Sandy,TEN,29/05/1997,213
271,(180),https://cqranking.com/common/flags/BEL.gif,VAN GILS Maxim,RBH,25/11/1999,213
272,(126),https://cqranking.com/common/flags/ESP.gif,SOLER GIMENEZ Marc,UEX,22/11/1993,212
273,(159),https://cqranking.com/common/flags/VEN.gif,AULAR SANABRIA Orluis Alberto,MOV,05/11/1996,212
274,(227),https://cqranking.com/common/flags/RUS.gif,NYCH Artem,ACR,21/03/1995,210
275,(400),https://cqranking.com/common/flags/FRA.gif,CAVAGNA Rémi,GFC,10/08/1995,210
276,(595),https://cqranking.com/common/flags/FRA.gif,VADIC Baptiste,TEN,15/04/2002,209
277,(293),https://cqranking.com/common/flags/NED.gif,BOL Cees,DCT,27/07/1995,209
278,(133),https://cqranking.com/common/flags/NOR.gif,DVERSNES LAVIK Fredrik,UXM,20/03/1997,208
279,(149),https://cqranking.com/common/flags/ITA.gif,BETTIOL Alberto,XAT,29/10/1993,208
280,(416),https://cqranking.com/common/flags/ECU.gif,CEPEDA ORTIZ Jefferson Alexander,EFE,16/06/1998,207
281,(487),https://cqranking.com/common/flags/MEX.gif,CADENA MARTINEZ Edgar David,TSM,20/08/2000,207
282,(646),https://cqranking.com/common/flags/DEN.gif,JOHANSEN Julius,UEX,13/09/1999,207
283,(886),https://cqranking.com/common/flags/NED.gif,JOHANNINK Jelle,URR,22/10/1996,207
284,(898),https://cqranking.com/common/flags/NZL.gif,BURNETT Josh,BBH,26/10/2000,204
285,(840),https://cqranking.com/common/flags/NOR.gif,GUDMESTAD Tord,DCT,08/05/2001,204
286,(468),https://cqranking.com/common/flags/ITA.gif,OLDANI Stefano,CJR,10/01/1998,201
287,(244),https://cqranking.com/common/flags/GER.gif,STORK Florian,TUD,27/04/1997,201
288,(188),https://cqranking.com/common/flags/ITA.gif,BALLERINI Davide,XAT,21/09/1994,200
289,(106),https://cqranking.com/common/flags/ESP.gif,ROMO OLIVER Javier,MOV,06/01/1999,198
290,(844),https://cqranking.com/common/flags/DEN.gif,PEDERSEN Henrik Breiner,UXM,03/12/2004,197
291,(1168),https://cqranking.com/common/flags/CZE.gif,HIRT Jan,NSN,21/01/1991,197
292,(108),https://cqranking.com/common/flags/BEL.gif,LECERF William Junior,SOQ,15/10/2002,196
293,(277),https://cqranking.com/common/flags/NED.gif,MOLENAAR Alex,CJR,13/07/1999,196
294,(510),https://cqranking.com/common/flags/ITA.gif,COVILI Luca,BCS,10/02/1997,196
295,(136),https://cqranking.com/common/flags/DEN.gif,LARSEN Niklas,URR,22/03/1997,195
296,(232),https://cqranking.com/common/flags/NED.gif,HOOLE Daan,DCT,22/02/1999,195
297,(325),https://cqranking.com/common/flags/GER.gif,SCHIFFER Anton,TVL,01/09/1999,194
298,(483),https://cqranking.com/common/flags/GBR.gif,SWIFT Connor,NCI,30/10/1995,194
299,(204),https://cqranking.com/common/flags/BEL.gif,MARIT Arne,RBH,21/01/1999,194
300,(2130),https://cqranking.com/common/flags/COL.gif,JAMAICA MEJIA Javier Ernesto,TNC,02/03/1996,193
301,(252),https://cqranking.com/common/flags/ESP.gif,PARRA CUERDA Jose Felix,CJR,16/01/1997,192
302,(417),https://cqranking.com/common/flags/FRA.gif,PAGE Hugo,COF,24/07/2001,192
303,(713),https://cqranking.com/common/flags/FRA.gif,THIERRY Pierre,TEN,31/05/2003,192
304,(523),https://cqranking.com/common/flags/FRA.gif,LE BERRE Mathis,TEN,16/04/2001,192
305,(499),https://cqranking.com/common/flags/LUX.gif,WENZEL Mats,EKP,19/12/2002,192
306,(447),https://cqranking.com/common/flags/POR.gif,LEITAO Iuri Gabriel Dantas,CJR,03/07/1998,191
307,(628),https://cqranking.com/common/flags/ITA.gif,VERRE Alessandro,MBH,17/11/2001,191
308,(167),https://cqranking.com/common/flags/ESP.gif,ADRIA OLIVERAS Roger,MOV,18/04/1998,191
309,(128),https://cqranking.com/common/flags/BEL.gif,MENTEN Milan,LOI,31/10/1996,191
310,(161),https://cqranking.com/common/flags/ESP.gif,BARCELO ARAGON Fernando,CJR,06/01/1996,190
311,(189),https://cqranking.com/common/flags/COL.gif,MOLANO BENAVIDES Juan Sebastian,UEX,04/11/1994,190
312,(1088),https://cqranking.com/common/flags/ITA.gif,CALZONI Walter,PQT,08/08/2001,189
313,(182),https://cqranking.com/common/flags/ITA.gif,QUARTUCCI Lorenzo,BBH,05/04/1999,189
314,(138),https://cqranking.com/common/flags/NED.gif,VAN DEN BERG Marijn,EFE,19/07/1999,187
315,(418),https://cqranking.com/common/flags/FRA.gif,ZINGLE Axel,TVL,18/12/1998,187
316,(212),https://cqranking.com/common/flags/BEL.gif,REX Laurenz,SOQ,15/12/1999,187
317,(431),https://cqranking.com/common/flags/GER.gif,UHLIG Henri,APT,01/08/2001,187
318,(221),https://cqranking.com/common/flags/KAZ.gif,FEDOROV Yevgeniy,XAT,16/02/2000,186
319,(704),https://cqranking.com/common/flags/ESP.gif,BOU COMPANY Joan,CJR,16/01/1997,186
320,(179),https://cqranking.com/common/flags/GBR.gif,TURNER Ben,NCI,28/05/1999,186
321,(803),https://cqranking.com/common/flags/ITA.gif,FABBRO Matteo,TFT,10/04/1995,185
322,(1092),https://cqranking.com/common/flags/GER.gif,MÜLLER Tobias,URR,31/03/2004,185
323,(322),https://cqranking.com/common/flags/NED.gif,MOLLEMA Bauke,LTK,26/11/1986,185
324,(-),https://cqranking.com/common/flags/ITA.gif,MAGAGNOTTI Alessio,RBC,27/01/2007,184
325,(129),https://cqranking.com/common/flags/DEN.gif,WITHEN PHILIPSEN Albert,LTK,03/09/2006,183
326,(131),https://cqranking.com/common/flags/FRA.gif,BERTHET Clément,GFC,02/08/1997,182
327,(484),https://cqranking.com/common/flags/ITA.gif,MARCELLUSI Martin,BCS,05/04/2000,181
328,(274),https://cqranking.com/common/flags/BEL.gif,WIDAR Jarno,LOI,13/11/2005,181
329,(115),https://cqranking.com/common/flags/ITA.gif,BAGIOLI Andrea,LTK,23/03/1999,180
330,(253),https://cqranking.com/common/flags/BEL.gif,TEUNS Dylan,COF,01/03/1992,180
331,(665),https://cqranking.com/common/flags/NED.gif,DEKKER David,BCY,02/02/1998,178
332,(525),https://cqranking.com/common/flags/ITA.gif,MAESTRI Mirco,PTV,26/10/1991,177
333,(376),https://cqranking.com/common/flags/GBR.gif,NERURKAR Lukas,EFE,14/11/2003,175
334,(125),https://cqranking.com/common/flags/GBR.gif,DOUBLE Paul,JAY,25/06/1996,175
335,(442),https://cqranking.com/common/flags/RSA.gif,HATHERLY Alan,JAY,15/03/1996,175
336,(880),https://cqranking.com/common/flags/ESP.gif,SORARRAIN AGIRREZABALA Gorka,CJR,21/05/1996,175
337,(23),https://cqranking.com/common/flags/IRL.gif,HEALY Ben,EFE,11/09/2000,174
338,(340),https://cqranking.com/common/flags/ESP.gif,AGIRRE EGAÑA Jon,EUS,10/09/1997,174
339,(254),https://cqranking.com/common/flags/ESP.gif,GARCIA CORTINA Ivan,MOV,20/11/1995,173
340,(740),https://cqranking.com/common/flags/KAZ.gif,PRONSKIY Vadim,TSG,04/06/1998,172
341,(575),https://cqranking.com/common/flags/AUS.gif,SWEENY Harrison,EFE,09/07/1998,172
342,(155),https://cqranking.com/common/flags/FRA.gif,TRONCHON Bastien,GFC,29/03/2002,172
343,(865),https://cqranking.com/common/flags/GBR.gif,ROWE Elliot,VLD,01/06/2006,172
344,(554),https://cqranking.com/common/flags/POR.gif,OLIVEIRA Rui Filipe Alves,UEX,05/09/1996,171
345,(1007),https://cqranking.com/common/flags/EST.gif,PAJUR Romet,RBC,26/09/2004,171
346,(464),https://cqranking.com/common/flags/FRA.gif,SPARFEL Aubin,DCD,03/05/2006,170
347,(62),https://cqranking.com/common/flags/GBR.gif,WATSON Samuel,NCI,24/09/2001,169
348,(1443),https://cqranking.com/common/flags/LAT.gif,PLUTO Martins,ENT,13/01/1998,168
349,(433),https://cqranking.com/common/flags/BLR.gif,TSISHKOU Raman,LNS,02/12/1994,166
350,(162),https://cqranking.com/common/flags/NOR.gif,BLIKRA Erlend Jordbrekk,UXM,11/01/1997,165
351,(353),https://cqranking.com/common/flags/RSA.gif,DE BOD Stefan,MAP,17/11/1996,165
352,(233),https://cqranking.com/common/flags/ESP.gif,PRADES REVERTER Eduard,CJR,09/08/1987,165
353,(278),https://cqranking.com/common/flags/GUA.gif,CHUMIL GONZALEZ Sergio Geovani,BBH,08/10/2000,164
354,(574),https://cqranking.com/common/flags/BEL.gif,AERTS Toon,LOI,19/10/1993,164
355,(141),https://cqranking.com/common/flags/GER.gif,SCHACHMANN Maximilian,SOQ,09/01/1994,162
356,(393),https://cqranking.com/common/flags/ESP.gif,NICOLAU BELTRAN Joel,CJR,23/12/1997,162
357,(1136),https://cqranking.com/common/flags/FRA.gif,BONNET Thomas,TEN,13/09/1998,160
358,(887),https://cqranking.com/common/flags/ITA.gif,TONEATTI Davide,XAT,09/04/2001,160
359,(144),https://cqranking.com/common/flags/DEN.gif,SALBY Alexander,LNS,04/06/1998,160
360,(186),https://cqranking.com/common/flags/BEL.gif,DE BONDT Dries,JAY,04/07/1991,160
361,(861),https://cqranking.com/common/flags/NED.gif,KERCKHAERT Jochem,BCY,29/10/2000,159
362,(87),https://cqranking.com/common/flags/NZL.gif,GATE Aaron,XAT,26/11/1990,159
363,(379),https://cqranking.com/common/flags/ITA.gif,GARIBBO Nicolo,TUK,29/06/1999,158
364,(262),https://cqranking.com/common/flags/BEL.gif,MEURISSE Xandro,PQT,31/01/1992,158
365,(331),https://cqranking.com/common/flags/DEN.gif,ASGREEN Kasper,EFE,08/02/1995,157
366,(725),https://cqranking.com/common/flags/SLO.gif,ERZEN Zak,TBV,19/10/2005,156
367,(439),https://cqranking.com/common/flags/BEL.gif,BRAET Vito,LOI,02/11/2000,155
368,(355),https://cqranking.com/common/flags/GER.gif,ACKERMANN Pascal,JAY,17/01/1994,155
369,(1910),https://cqranking.com/common/flags/FRA.gif,HARDOUIN Louis,VRR,22/09/2000,155
370,(482),https://cqranking.com/common/flags/COL.gif,RIVERA VARGAS Brandon Smith,NCI,21/03/1996,153
371,(1034),https://cqranking.com/common/flags/AUS.gif,FOX Matthew,LOI,28/09/2002,152
372,(373),https://cqranking.com/common/flags/ESP.gif,MARTI SORIANO Pau,NSN,24/11/2004,152
373,(782),https://cqranking.com/common/flags/SLO.gif,ERMAKOV Roman,TBV,06/10/2004,150
374,(652),https://cqranking.com/common/flags/COL.gif,PAREDES ZAPATA Wilmar Andres,MED,27/04/1996,150
375,(45),https://cqranking.com/common/flags/FRA.gif,PRODHOMME Nicolas,DCT,01/02/1997,150
376,(435),https://cqranking.com/common/flags/ITA.gif,TURCONI Filippo,BCS,20/10/2005,149
377,(625),https://cqranking.com/common/flags/CZE.gif,KOPECKY Tomas,URR,08/04/2000,149
378,(486),https://cqranking.com/common/flags/ESP.gif,VERONA QUINTANILLA Carlos,LTK,04/11/1992,148
379,(392),https://cqranking.com/common/flags/ESP.gif,JUARISTI ARRIETA Txomin,EUS,20/07/1995,148
380,(421),https://cqranking.com/common/flags/SLO.gif,GOVEKAR Matevz,TBV,17/04/2000,148
381,(283),https://cqranking.com/common/flags/COL.gif,PEÑA JIMENEZ Jesus David,EFP,08/05/2000,148
382,(558),https://cqranking.com/common/flags/ESP.gif,FERNANDEZ GARCIA Samuel,CJR,11/07/2003,148
383,(716),https://cqranking.com/common/flags/ESP.gif,SEVILLA LOPEZ Diego Pablo,PTV,04/03/1996,146
384,(198),https://cqranking.com/common/flags/GER.gif,BAUHAUS Phil,TBV,08/07/1994,145
385,(208),https://cqranking.com/common/flags/GBR.gif,TARLING Joshua,NCI,15/02/2004,145
386,(580),https://cqranking.com/common/flags/FRA.gif,BURGAUDEAU Mathieu,TEN,17/11/1998,145
387,(369),https://cqranking.com/common/flags/POL.gif,BUDZINSKI Marcin,MBH,24/04/1998,145
388,(151),https://cqranking.com/common/flags/BEL.gif,NYS Thibau,LTK,12/11/2002,145
389,(130),https://cqranking.com/common/flags/ITA.gif,FRIGO Marco,NSN,02/03/2000,144
390,(503),https://cqranking.com/common/flags/GER.gif,KRETSCHY Moritz,NSN,12/05/2002,144
391,(758),https://cqranking.com/common/flags/ESP.gif,MUÑOZ LLANA Francisco,PTV,24/06/2001,144
392,(446),https://cqranking.com/common/flags/NED.gif,VAN ENGELEN Adne,TSG,16/03/1993,144
393,(635),https://cqranking.com/common/flags/COL.gif,GAVIRIA RENDON Fernando,CJR,19/08/1994,143
394,(648),https://cqranking.com/common/flags/ESP.gif,MURGUIALDAY ELORZA Jokin,EUS,19/03/2000,143
395,(673),https://cqranking.com/common/flags/POR.gif,SILVA Pedro Miguel Fernandes,BOA,07/07/2001,143
396,(528),https://cqranking.com/common/flags/ITA.gif,COLNAGHI Luca,BCS,14/01/1999,142
397,(156),https://cqranking.com/common/flags/GBR.gif,HAYTER Ethan,SOQ,18/09/1998,142
398,(1074),https://cqranking.com/common/flags/ITA.gif,BELLETTA Dario Igor,PTV,27/01/2004,142
399,(150),https://cqranking.com/common/flags/ESP.gif,DE LA CRUZ MELGAREJO David,PQT,06/05/1989,140
400,(1072),https://cqranking.com/common/flags/FRA.gif,VEISTROFFER Baptiste,LOI,29/05/2000,140
401,(336),https://cqranking.com/common/flags/ITA.gif,ALEOTTI Giovanni,RBH,25/05/1999,139
402,(40),https://cqranking.com/common/flags/AUS.gif,MATTHEWS Michael,JAY,26/09/1990,139
403,(812),https://cqranking.com/common/flags/ESP.gif,BRUSTENGA MASAGUE Marc,EKP,04/09/1999,139
404,(1005),https://cqranking.com/common/flags/FRA.gif,BOICHIS Adrien,RBH,02/01/2003,139
405,(1820),https://cqranking.com/common/flags/FRA.gif,THEOT Killian,VRR,06/06/1999,139
406,(561),https://cqranking.com/common/flags/GER.gif,HERZOG Emil,RBH,06/10/2004,139
407,(1178),https://cqranking.com/common/flags/GER.gif,BOCK Max,RBC,10/03/2005,139
408,(120),https://cqranking.com/common/flags/FRA.gif,ARMIRAIL Bruno,TVL,11/04/1994,138
409,(462),https://cqranking.com/common/flags/POL.gif,PEKALA Piotr,ATT,04/08/1998,138
410,(530),https://cqranking.com/common/flags/BEL.gif,BONNEU Kamiel,TFT,01/08/1999,138
411,(473),https://cqranking.com/common/flags/BEL.gif,VERVAEKE Louis,SOQ,06/10/1993,138
412,(391),https://cqranking.com/common/flags/CAN.gif,COTE Pier-André,NSN,24/04/1997,138
413,(265),https://cqranking.com/common/flags/ITA.gif,CATTANEO Mattia,RBH,25/10/1990,138
414,(598),https://cqranking.com/common/flags/BEL.gif,VAN DEN BOSSCHE Fabio,SOQ,21/09/2000,137
415,(493),https://cqranking.com/common/flags/NED.gif,VAN BAARLE Dylan,SOQ,21/05/1992,136
416,(415),https://cqranking.com/common/flags/GRE.gif,ARVANITOU Nikiforos,TUS,13/01/2003,136
417,(469),https://cqranking.com/common/flags/GBR.gif,KOERDT Bjoern,TPP,20/07/2004,135
418,(1985),https://cqranking.com/common/flags/ITA.gif,BESSEGA Gabriele,PTV,18/02/2004,135
419,(755),https://cqranking.com/common/flags/AUS.gif,BETTLES Carter,ROI,02/09/1998,133
420,(78),https://cqranking.com/common/flags/ITA.gif,MALUCELLI Matteo,XAT,20/10/1993,133
421,(281),https://cqranking.com/common/flags/NOR.gif,EIKING Odd Christian,URR,28/12/1994,133
422,(581),https://cqranking.com/common/flags/VEN.gif,PEÑUELA SANDOVAL Francisco Joel,CJR,11/02/2001,133
423,(84),https://cqranking.com/common/flags/BEL.gif,BENOOT Tiesj,DCT,11/03/1994,132
424,(361),https://cqranking.com/common/flags/ROU.gif,RAILEANU Cristian,LNS,24/01/1993,132
425,(645),https://cqranking.com/common/flags/BEL.gif,RICKAERT Jonas,APT,07/02/1994,131
426,(941),https://cqranking.com/common/flags/NED.gif,BLOEM Joren,URR,21/12/1999,130
427,(2497),https://cqranking.com/common/flags/FRA.gif,VEZIE Maxime,CIC,20/02/2006,130
428,(745),https://cqranking.com/common/flags/NOR.gif,SKAARSETH Anders,UXM,07/05/1995,130
429,(1568),https://cqranking.com/common/flags/ITA.gif,MANENTI Marco,BCS,07/09/2002,130
430,(1364),https://cqranking.com/common/flags/NED.gif,MOURIS Wessel,URR,30/12/2002,129
431,(335),https://cqranking.com/common/flags/ESP.gif,PEÑALVER ANIORTE Manuel,PTV,10/12/1998,129
432,(1328),https://cqranking.com/common/flags/DEN.gif,LANDBO Mads,TCQ,30/09/2004,129
433,(1096),https://cqranking.com/common/flags/BEL.gif,VANHUFFEL Matteo,DPP,27/08/2006,129
434,(184),https://cqranking.com/common/flags/FRA.gif,THOMAS Benjamin,COF,12/09/1995,129
435,(571),https://cqranking.com/common/flags/ITA.gif,PALETTI Luca,BCS,05/06/2004,129
436,(1022),https://cqranking.com/common/flags/AUS.gif,CHAMBERLAIN Oscar,DCT,15/01/2005,128
437,(631),https://cqranking.com/common/flags/GER.gif,JASCH Lennart,TUD,14/11/2000,128
438,(242),https://cqranking.com/common/flags/ITA.gif,ALBANESE Vincenzo,EFE,12/11/1996,127
439,(497),https://cqranking.com/common/flags/ESP.gif,LOPEZ CARAVACA Jordi,EUS,14/08/1998,127
440,(552),https://cqranking.com/common/flags/GBR.gif,PICKERING Finlay,JAY,27/01/2003,127
441,(550),https://cqranking.com/common/flags/SUI.gif,STÜSSI Colin,VBG,04/06/1993,127
442,(629),https://cqranking.com/common/flags/NED.gif,REINDERINK Pepijn,SOQ,04/05/2002,126
443,(798),https://cqranking.com/common/flags/EST.gif,ÄRM Rait,ENT,31/03/2000,125
444,(1755),https://cqranking.com/common/flags/BEL.gif,VAN TRICHT Floris,NSN,23/06/2001,125
445,(860),https://cqranking.com/common/flags/ESP.gif,AZPARREN IRURZUN Xabier Mikel,PQT,25/02/1999,124
446,(2367),https://cqranking.com/common/flags/ITA.gif,BAGATIN Christian,MBH,14/06/2002,124
447,(1621),https://cqranking.com/common/flags/BEL.gif,DRIESEN Niels,LWD,25/08/2005,124
448,(1123),https://cqranking.com/common/flags/GER.gif,ADAMIETZ Johannes,RRN,24/05/1998,123
449,(502),https://cqranking.com/common/flags/NOR.gif,CHRISTOPHERSEN Cedrik Bakke,URR,11/12/2001,123
450,(260),https://cqranking.com/common/flags/SUI.gif,BISSEGGER Stefan,DCT,13/09/1998,122
451,(329),https://cqranking.com/common/flags/ITA.gif,BUSATTO Francesco,APT,01/11/2002,122
452,(351),https://cqranking.com/common/flags/BEL.gif,THEUNS Edward,LTK,30/04/1991,121
453,(306),https://cqranking.com/common/flags/GER.gif,RUTSCH Jonas,LOI,24/01/1998,121
454,(366),https://cqranking.com/common/flags/BEL.gif,VAN MECHELEN Vlad,TBV,02/06/2004,120
455,(460),https://cqranking.com/common/flags/DEN.gif,BJERG Mikkel Norsgaard,UEX,03/11/1998,120
456,(359),https://cqranking.com/common/flags/FRA.gif,GACHIGNARD Thomas,TEN,17/08/2000,120
457,(698),https://cqranking.com/common/flags/ISR.gif,RAISBERG Nadav,NSN,29/03/2001,120
458,(738),https://cqranking.com/common/flags/ESP.gif,LASTRA MARTINEZ Jonathan,EUS,03/06/1993,119
459,(498),https://cqranking.com/common/flags/DEN.gif,ANDERSEN Mads,SWT,27/11/2000,119
460,(477),https://cqranking.com/common/flags/NED.gif,GRAAT Tijmen,TVL,10/01/2003,119
461,(1449),https://cqranking.com/common/flags/MLT.gif,MIFSUD Andréa,PTV,28/05/1999,118
462,(480),https://cqranking.com/common/flags/LAT.gif,NEILANDS Krists,NSN,18/08/1994,118
463,(438),https://cqranking.com/common/flags/AUS.gif,PLOWRIGHT Jensen,APT,15/05/2000,117
464,(241),https://cqranking.com/common/flags/ESP.gif,BALDERSTONE ROUMENS Abel,CJR,07/07/2000,116
465,(517),https://cqranking.com/common/flags/ITA.gif,SCALCO Matteo,XAD,25/06/2004,116
466,(577),https://cqranking.com/common/flags/CZE.gif,PRIDAL Tomas,TUS,02/02/2004,116
467,(216),https://cqranking.com/common/flags/NED.gif,VAN DEN BROEK Frank,TPP,28/12/2000,116
468,(158),https://cqranking.com/common/flags/FRA.gif,MADOUAS Valentin,GFC,12/07/1996,115
469,(330),https://cqranking.com/common/flags/FRA.gif,ALLENO Clément,BBH,08/10/2000,115
470,(-),https://cqranking.com/common/flags/NED.gif,ZOMERMAAND Jurgen,DPP,13/02/2006,115
471,(879),https://cqranking.com/common/flags/AUS.gif,BROWNING Fergus,TSG,04/12/2003,114
472,(380),https://cqranking.com/common/flags/FRA.gif,LEROUX Samuel,TEN,27/11/1994,114
473,(779),https://cqranking.com/common/flags/SLO.gif,GLIVAR Gal,APT,01/05/2002,114
474,(402),https://cqranking.com/common/flags/NOR.gif,TJØTTA Martin,UXM,27/03/2001,113
475,(248),https://cqranking.com/common/flags/EST.gif,MIHKELS Madis,EFE,31/05/2003,113
476,(440),https://cqranking.com/common/flags/FRA.gif,RUSSO Clément,GFC,20/01/1995,113
477,(957),https://cqranking.com/common/flags/FRA.gif,BARBIER Pierre,TSG,25/09/1997,112
478,(314),https://cqranking.com/common/flags/ESP.gif,CAVIA SANZ Daniel,BBH,02/06/2002,112
479,(134),https://cqranking.com/common/flags/UKR.gif,TSARENKO Kyrylo,TFT,13/10/2000,111
480,(428),https://cqranking.com/common/flags/NED.gif,EENKHOORN Pascal,SOQ,08/02/1997,111
481,(395),https://cqranking.com/common/flags/ITA.gif,ZANONCELLO Enrico,BCS,02/08/1997,111
482,(267),https://cqranking.com/common/flags/POR.gif,OLIVEIRA Ivo Emanuel Alves,UEX,05/09/1996,111
483,(519),https://cqranking.com/common/flags/USA.gif,WARBASSE Lawrence,TUD,28/06/1990,110
484,(829),https://cqranking.com/common/flags/MEX.gif,MACIAS ESTRADA Cesar,BBH,17/09/2003,110
485,(488),https://cqranking.com/common/flags/ESP.gif,TORRES ARIAS Pablo,UEX,10/11/2005,110
486,(863),https://cqranking.com/common/flags/LUX.gif,KOCKELMANN Mathieu,LOI,31/01/2004,109
487,(714),https://cqranking.com/common/flags/ESP.gif,BIZKARRA ETXEGIBEL Mikel,EUS,21/08/1989,109
488,(-),https://cqranking.com/common/flags/ARG.gif,CROZZOLO Fabricio German,PTV,17/03/2005,108
489,(374),https://cqranking.com/common/flags/FRA.gif,MOLARD Rudy,GFC,17/09/1989,108
490,(289),https://cqranking.com/common/flags/ITA.gif,MILESI Lorenzo,MOV,19/03/2002,107
491,(401),https://cqranking.com/common/flags/USA.gif,BARTA William,TUD,04/01/1996,107
492,(470),https://cqranking.com/common/flags/NED.gif,DE KLEIJN Arvid,TUD,21/03/1994,107
493,(807),https://cqranking.com/common/flags/FRA.gif,JARNET Maxime,VRR,06/09/1998,107
494,(318),https://cqranking.com/common/flags/ISR.gif,KOGUT Oded,NSN,14/02/2001,106
495,(445),https://cqranking.com/common/flags/EST.gif,VAHTRA Norman,CAT,23/11/1996,106
496,(295),https://cqranking.com/common/flags/BEL.gif,CAMPENAERTS Victor,TVL,28/10/1991,105
497,(177),https://cqranking.com/common/flags/NOR.gif,TRAEEN Torstein,UXM,16/07/1995,105
498,(148),https://cqranking.com/common/flags/NOR.gif,HOELGAARD Markus,UXM,04/10/1994,105
499,(371),https://cqranking.com/common/flags/ESP.gif,TERCERO LOPEZ Fernando,PTV,28/12/2001,105
500,(175),https://cqranking.com/common/flags/COL.gif,RUBIO REYES Einer Augusto,MOV,22/02/1998,105
501,(461),https://cqranking.com/common/flags/HUN.gif,VALTER Attila,TBV,12/06/1998,104
502,(-),https://cqranking.com/common/flags/BEL.gif,THONNON Senne,TFB,19/03/2003,104
503,(110),https://cqranking.com/common/flags/NOR.gif,JOHANNESSEN Anders Halland,UXM,23/08/1999,104
504,(383),https://cqranking.com/common/flags/BEL.gif,NAESEN Oliver,DCT,16/09/1990,104
505,(111),https://cqranking.com/common/flags/FRA.gif,PARET PEINTRE Aurélien,DCT,27/02/1996,104
506,(326),https://cqranking.com/common/flags/DEN.gif,PEDERSEN Casper,SOQ,15/03/1996,103
507,(641),https://cqranking.com/common/flags/LAT.gif,BELOHVOSCIKS Kristians,BAI,01/02/2002,103
508,(588),https://cqranking.com/common/flags/AUS.gif,HAMILTON Christopher,TPP,18/05/1995,103
509,(1559),https://cqranking.com/common/flags/BEL.gif,DHONDT Robbe,TPP,25/06/2004,103
510,(1185),https://cqranking.com/common/flags/USA.gif,QUINN Sean,EFE,10/05/2000,102
511,(203),https://cqranking.com/common/flags/ITA.gif,DAINESE Alberto,SOQ,25/03/1998,102
512,(496),https://cqranking.com/common/flags/ITA.gif,CONCI Nicola,XAT,05/01/1997,102
513,(362),https://cqranking.com/common/flags/FRA.gif,BERNARD Julien,LTK,17/03/1992,102
514,(731),https://cqranking.com/common/flags/GBR.gif,KYFFIN Zeb,TSG,23/02/1998,102
515,(544),https://cqranking.com/common/flags/FRA.gif,FERRON Valentin,COF,08/02/1998,101
516,(922),https://cqranking.com/common/flags/BEL.gif,LAMBRECHT Michiel,TFB,10/02/2003,101
517,(533),https://cqranking.com/common/flags/ITA.gif,GAFFURI Mattia,TPP,04/07/1999,101
518,(1701),https://cqranking.com/common/flags/NOR.gif,MARTINSEN Toralf Rydningen,DRP,26/12/2002,100
519,(650),https://cqranking.com/common/flags/ITA.gif,DONATI Davide,RBC,08/04/2005,100
520,(837),https://cqranking.com/common/flags/NED.gif,VAN DEN BERG Julius,TPP,23/10/1996,100
521,(466),https://cqranking.com/common/flags/BEL.gif,GEENS Jonas,APT,04/01/1999,100
522,(706),https://cqranking.com/common/flags/DEN.gif,BLUME LEVY William,UXM,14/01/2001,100
523,(1117),https://cqranking.com/common/flags/BEL.gif,VAN GESTEL Dries,SOQ,30/09/1994,99
524,(75),https://cqranking.com/common/flags/LAT.gif,SKUJINS Toms,LTK,15/06/1991,99
525,(526),https://cqranking.com/common/flags/FRA.gif,PACHER Quentin,GFC,06/01/1992,99
526,(981),https://cqranking.com/common/flags/LUX.gif,WALLENBORN Arno,LKH,08/04/2003,99
527,(352),https://cqranking.com/common/flags/GER.gif,DENZ Nico,RBH,15/02/1994,99
528,(339),https://cqranking.com/common/flags/NOR.gif,HOLTER Aadne,UXM,08/07/2000,99
529,(301),https://cqranking.com/common/flags/POL.gif,KWIATKOWSKI Michal,NCI,02/06/1990,98
530,(338),https://cqranking.com/common/flags/BEL.gif,VAN BOVEN Luca,LOI,06/01/2000,98
531,(512),https://cqranking.com/common/flags/FRA.gif,DAUPHIN Florian,TEN,06/04/1999,98
532,(259),https://cqranking.com/common/flags/RUS.gif,RIKUNOV Petr,CDT,24/02/1997,98
533,(806),https://cqranking.com/common/flags/BEL.gif,TEUGELS Lennert,TIS,09/04/1993,98
534,(-),https://cqranking.com/common/flags/POR.gif,FERNANDES Jose Carlos Prates Neves,GSU,30/10/1995,97
535,(855),https://cqranking.com/common/flags/POL.gif,FRATCZAK Radoslaw,LPP,18/09/2002,97
536,(1270),https://cqranking.com/common/flags/COL.gif,RODRIGUEZ CONTRERAS Juan Felipe,EFE,05/11/2003,96
537,(426),https://cqranking.com/common/flags/COL.gif,CAMARGO PINEDA Diego Andres,MED,03/05/1998,96
538,(799),https://cqranking.com/common/flags/ITA.gif,NEGRENTE Mattia,XAD,28/05/2005,96
539,(1304),https://cqranking.com/common/flags/FRA.gif,RENARD HAQUIN Henri-François,TPP,12/12/2002,96
540,(675),https://cqranking.com/common/flags/BEL.gif,DUPONT Timothy,TIS,01/11/1987,96
541,(827),https://cqranking.com/common/flags/CAN.gif,ZUKOWSKY Nickolas,PQT,03/06/1998,95
542,(672),https://cqranking.com/common/flags/IRL.gif,MULLEN Ryan,NSN,07/08/1994,95
543,(288),https://cqranking.com/common/flags/AUS.gif,HOPKINS Dylan,ROI,23/09/2001,95
544,(1091),https://cqranking.com/common/flags/CAN.gif,GAUTHIER Jérôme,PEC,13/07/2004,94
545,(926),https://cqranking.com/common/flags/CYP.gif,MILTIADIS Andreas,QPT,30/08/1996,94
546,(467),https://cqranking.com/common/flags/UZB.gif,TSVETKOV Nikita,BCS,14/02/2005,94
547,(693),https://cqranking.com/common/flags/NED.gif,REINDERS Elmar,URR,14/03/1992,93
548,(1373),https://cqranking.com/common/flags/GBR.gif,SUTTON Louis,EUS,27/05/2002,93
549,(747),https://cqranking.com/common/flags/ITA.gif,BAIS Mattia,PTV,19/10/1996,93
550,(394),https://cqranking.com/common/flags/FRA.gif,MAISONOBE Sam,COF,08/09/2003,93
551,(97),https://cqranking.com/common/flags/SUI.gif,CHRISTEN Fabio,PQT,29/06/2002,93
552,(797),https://cqranking.com/common/flags/LAT.gif,LIEPINS Emils,PQT,29/10/1992,93
553,(680),https://cqranking.com/common/flags/ESP.gif,DARDER GARI Sergi,CJR,30/06/2003,93
554,(600),https://cqranking.com/common/flags/FRA.gif,DONNENWIRTH Tom,GFC,19/01/1998,92
555,(774),https://cqranking.com/common/flags/GER.gif,DEGENKOLB John,TPP,07/01/1989,92
556,(-),https://cqranking.com/common/flags/POL.gif,JACKOWIAK Jan,BVD,23/12/2007,92
557,(52),https://cqranking.com/common/flags/ITA.gif,VELASCO Simone,XAT,02/12/1995,92
558,(229),https://cqranking.com/common/flags/ESP.gif,ETXEBERRIA ANSALAS Haimar,RBH,08/09/2003,91
559,(436),https://cqranking.com/common/flags/GBR.gif,SHAW James,EFE,13/06/1996,91
560,(-),https://cqranking.com/common/flags/GER.gif,ZEMKE Jermaine,RRN,29/08/2005,91
561,(304),https://cqranking.com/common/flags/AUT.gif,HALLER Marco,TUD,01/04/1991,91
562,(954),https://cqranking.com/common/flags/IRL.gif,DUNWOODY Seth,BVD,26/05/2006,90
563,(547),https://cqranking.com/common/flags/CZE.gif,OTRUBA Jakub,CJR,30/01/1998,90
564,(945),https://cqranking.com/common/flags/BEL.gif,TAMINIAUX Lionel,LOI,21/05/1996,90
565,(1122),https://cqranking.com/common/flags/SUI.gif,FROIDEVAUX Robin,TUD,17/10/1998,90
566,(1080),https://cqranking.com/common/flags/AUT.gif,GOGL Michael,APT,04/11/1993,90
567,(715),https://cqranking.com/common/flags/ITA.gif,MASNADA Fausto,MBH,06/11/1993,90
568,(413),https://cqranking.com/common/flags/FRA.gif,LOUVEL Matîs,NSN,19/07/1999,89
569,(1169),https://cqranking.com/common/flags/POL.gif,MALECKI Kamil,PQT,02/01/1996,89
570,(657),https://cqranking.com/common/flags/FRA.gif,CHAMPION Thomas,AUB,08/09/1999,89
571,(955),https://cqranking.com/common/flags/GER.gif,SÜTTERLIN Jasha,JAY,04/11/1992,88
572,(1669),https://cqranking.com/common/flags/ITA.gif,PERSICO Davide,MBH,01/04/2001,88
573,(2128),https://cqranking.com/common/flags/ITA.gif,MERIS Sergio,URR,10/03/2001,88
574,(796),https://cqranking.com/common/flags/POR.gif,OLIVEIRA Nelson Filipe Santos Simoes,MOV,06/03/1989,87
575,(808),https://cqranking.com/common/flags/POR.gif,DUARTE Emanuel Fieber,LAA,24/01/1997,87
576,(472),https://cqranking.com/common/flags/FRA.gif,ROULAND Louis,COF,21/10/2002,87
577,(1376),https://cqranking.com/common/flags/ETH.gif,DESTA Teweldemedhin Amaniel,AMN,19/09/2005,87
578,(61),https://cqranking.com/common/flags/FRA.gif,ALAPHILIPPE Julian,TUD,11/06/1992,87
579,(419),https://cqranking.com/common/flags/FRA.gif,LABROSSE Jordan,DCT,15/09/2002,87
580,(682),https://cqranking.com/common/flags/NED.gif,SINSCHEK Nils,LNS,24/06/1998,87
581,(420),https://cqranking.com/common/flags/FRA.gif,ROLLAND Brieuc,GFC,13/08/2003,87
582,(2077),https://cqranking.com/common/flags/FRA.gif,ARSAC Rémi,DCD,21/01/2005,87
583,(387),https://cqranking.com/common/flags/ESP.gif,APARICIO MUÑOZ Mario,BBH,23/04/2000,86
584,(676),https://cqranking.com/common/flags/NED.gif,OOMEN Sam,LTK,15/08/1995,86
585,(346),https://cqranking.com/common/flags/ITA.gif,MAGLI Filippo,BCS,29/04/1999,86
586,(287),https://cqranking.com/common/flags/DEN.gif,BREGNHØJ Mathias,TSG,11/11/1995,86
587,(490),https://cqranking.com/common/flags/BEL.gif,DE PESTEL Sander,DCT,11/10/1998,86
588,(593),https://cqranking.com/common/flags/ITA.gif,ROTA Lorenzo,LOI,23/05/1995,86
589,(450),https://cqranking.com/common/flags/POL.gif,MACIEJUK Filip,MOV,03/09/1999,85
590,(1332),https://cqranking.com/common/flags/ESP.gif,LOZANO NAVARRO Juan Pedro,TSG,28/11/2003,85
591,(-),https://cqranking.com/common/flags/USA.gif,BARRY Ashlin,VLD,25/09/2007,85
592,(1071),https://cqranking.com/common/flags/AUS.gif,BLEDDYN Oliver,TBN,27/01/2002,85
593,(918),https://cqranking.com/common/flags/BEL.gif,DEWEIRDT Siebe,TFB,08/05/2002,85
594,(-),https://cqranking.com/common/flags/BLR.gif,SHNYRKO Aliaksei,LNS,12/05/1994,85
595,(599),https://cqranking.com/common/flags/ITA.gif,DE CASSAN Davide,GEF,04/01/2002,85
596,(324),https://cqranking.com/common/flags/BEL.gif,DEHAIRS Simon,APT,04/06/2001,84
597,(-),https://cqranking.com/common/flags/FRA.gif,FOFONOV Artem,XAD,08/01/2005,84
598,(2266),https://cqranking.com/common/flags/BEL.gif,LAURYSSEN Yorben,TIS,25/01/2002,84
599,(327),https://cqranking.com/common/flags/ESP.gif,IRIBAR JAUREGI Unai,EKP,12/06/1999,84
600,(2388),https://cqranking.com/common/flags/FIN.gif,KÄLLBERG Axel,LUC,24/10/2003,84
601,(923),https://cqranking.com/common/flags/DEN.gif,ØXENBERG HANSEN Peter,NCI,23/10/2005,84
602,(690),https://cqranking.com/common/flags/NED.gif,VAN DER LEE Jardi,EFE,06/08/2001,83
603,(422),https://cqranking.com/common/flags/ESP.gif,DE LA CALLE ARANGO Hugo,BBH,12/07/2004,83
604,(674),https://cqranking.com/common/flags/FRA.gif,BOULAHOITE Rayan,TEN,24/02/2004,83
605,(1167),https://cqranking.com/common/flags/EST.gif,KURITS Karl,LUC,14/06/2005,83
606,(667),https://cqranking.com/common/flags/AUS.gif,SCOTT Cameron,LNS,04/01/1998,83
607,(1940),https://cqranking.com/common/flags/POR.gif,COSTA Fabio Manuel Fernandes,BOA,04/07/1999,82
608,(732),https://cqranking.com/common/flags/LUX.gif,KLUCKERS Arthur,TUD,15/03/2000,82
609,(2202),https://cqranking.com/common/flags/NOR.gif,URIANSTAD BUGGE Martin,UXM,06/02/1999,82
610,(644),https://cqranking.com/common/flags/ITA.gif,MELLANO Ludovico,XAD,23/08/2006,82
611,(453),https://cqranking.com/common/flags/ISR.gif,EINHORN Itamar,NSN,20/09/1997,81
612,(729),https://cqranking.com/common/flags/ITA.gif,MOSCA Jacopo,LTK,29/08/1993,81
613,(535),https://cqranking.com/common/flags/AUS.gif,HAIG Jack,NCI,06/09/1993,81
614,(604),https://cqranking.com/common/flags/SUI.gif,JACOBS Johan,GFC,01/03/1997,81
615,(1176),https://cqranking.com/common/flags/EST.gif,TAMM Lauri,CAT,02/04/2004,81
616,(614),https://cqranking.com/common/flags/RSA.gif,SMIT Willem Jakobus,CAT,29/12/1992,81
617,(-),https://cqranking.com/common/flags/DEN.gif,STOKBRO Sylvester Vittinghus,GSH,16/07/2007,81
618,(896),https://cqranking.com/common/flags/PAN.gif,SAMUDIO CARRERA Carlos Ariel,TFT,05/10/1997,80
619,(1031),https://cqranking.com/common/flags/SUI.gif,DARBELLAY Valentin,EFC,19/11/1997,80
620,(-),https://cqranking.com/common/flags/DEN.gif,EGHOLM Kristian,LTF,16/03/2004,80
621,(542),https://cqranking.com/common/flags/BEL.gif,LANHOVE Milan,TFB,01/11/2003,80
622,(1325),https://cqranking.com/common/flags/NED.gif,ROUFFAER Lars,EEW,16/11/2003,80
623,(892),https://cqranking.com/common/flags/SLO.gif,TRATNIK Jan,RBH,23/02/1990,80
624,(874),https://cqranking.com/common/flags/FRA.gif,BOUCHARD Geoffrey,TEN,01/04/1992,80
625,(1475),https://cqranking.com/common/flags/BRA.gif,AVANCINI Henrique Silva,LMS,30/03/1989,79
626,(1844),https://cqranking.com/common/flags/CZE.gif,MONTI Alberto Carlo,ATT,23/02/2004,79
627,(587),https://cqranking.com/common/flags/ERI.gif,GHEBREIGZABHIER Amanuel,LTK,17/08/1994,79
628,(754),https://cqranking.com/common/flags/AUS.gif,STANNARD Robert,TBV,16/09/1998,79
629,(1543),https://cqranking.com/common/flags/NED.gif,VAN BELLE Loe,TVL,24/01/2002,79
630,(794),https://cqranking.com/common/flags/ALG.gif,AMARI Hamza,MPT,02/10/2002,78
631,(856),https://cqranking.com/common/flags/NED.gif,REMIJN Senna,APT,22/01/2006,78
632,(1203),https://cqranking.com/common/flags/GBR.gif,WHITEHOUSE Daniel,STG,12/01/1995,78
633,(1714),https://cqranking.com/common/flags/FRA.gif,DAUMAS Rémi,CGF,12/03/2006,78
634,(654),https://cqranking.com/common/flags/RUS.gif,SYRITSA Gleb,XAT,14/04/2000,77
635,(1099),https://cqranking.com/common/flags/NED.gif,BOUWMAN Koen,JAY,02/12/1993,77
636,(1917),https://cqranking.com/common/flags/ITA.gif,BESSEGA Tommaso,PTV,18/02/2004,77
637,(1195),https://cqranking.com/common/flags/NED.gif,HOOGENDOORN Roy,MET,17/07/2001,77
638,(951),https://cqranking.com/common/flags/POL.gif,POMORSKI Michal,ATT,04/08/2003,77
639,(1273),https://cqranking.com/common/flags/ECU.gif,NAVAS PAREDES Kevin Elian,BES,28/01/2005,77
640,(623),https://cqranking.com/common/flags/NZL.gif,MUDGWAY Luke,LNS,12/06/1996,76
641,(773),https://cqranking.com/common/flags/ITA.gif,CRETTI Luca,MBH,30/06/2001,76
642,(1540),https://cqranking.com/common/flags/GBR.gif,CARR Simon,COF,29/08/1998,76
643,(-),https://cqranking.com/common/flags/THA.gif,POULARD Athit (Baptiste),ROI,28/01/2003,75
644,(1014),https://cqranking.com/common/flags/DEN.gif,NIELSEN Sebastian,TCQ,27/08/2000,75
645,(1394),https://cqranking.com/common/flags/GBR.gif,JOHNSTON Calum,LNS,01/11/1998,75
646,(772),https://cqranking.com/common/flags/NED.gif,BAX Sjoerd,PQT,06/01/1996,75
647,(117),https://cqranking.com/common/flags/ITA.gif,COVI Alessandro,JAY,28/09/1998,74
648,(590),https://cqranking.com/common/flags/AUS.gif,O'BRIEN Kelland,JAY,22/05/1998,74
649,(697),https://cqranking.com/common/flags/ESP.gif,GARCIA PIERNA Carlos,BBH,23/07/1999,74
650,(147),https://cqranking.com/common/flags/SUI.gif,KÜNG Stefan,TUD,16/11/1993,74
651,(953),https://cqranking.com/common/flags/IRL.gif,RAFFERTY Adam,HBG,04/10/2005,74
652,(888),https://cqranking.com/common/flags/USA.gif,HAUG Kieran,MAP,06/10/2002,73
653,(-),https://cqranking.com/common/flags/NED.gif,KONINGS Roan,MET,04/04/2003,73
654,(458),https://cqranking.com/common/flags/ALG.gif,HAMZA Yacine,MPT,18/04/1997,73
655,(219),https://cqranking.com/common/flags/ITA.gif,BARONCINI Filippo,UEX,26/08/2000,73
656,(-),https://cqranking.com/common/flags/FRA.gif,HEBERT Théo,VDU,13/11/2003,73
657,(616),https://cqranking.com/common/flags/FRA.gif,BARTHE Cyril,GFC,14/02/1996,73
658,(1063),https://cqranking.com/common/flags/ITA.gif,GIAIMI Luca,UEX,12/01/2005,73
659,(612),https://cqranking.com/common/flags/UKR.gif,PONOMAR Andriy,GEF,05/09/2002,72
660,(1272),https://cqranking.com/common/flags/TUR.gif,YILMAZ Ramazan,KBB,24/01/2005,72
661,(465),https://cqranking.com/common/flags/AUS.gif,SCOTSON Callum,DCT,10/08/1996,72
662,(589),https://cqranking.com/common/flags/SLO.gif,FINKST Tilen,TFT,06/07/1997,72
663,(454),https://cqranking.com/common/flags/DEN.gif,BEVORT Carl-Frederik,UXM,24/11/2003,72
664,(429),https://cqranking.com/common/flags/ESP.gif,GUTIERREZ GONZALEZ Jorge,EKP,23/09/2002,72
665,(760),https://cqranking.com/common/flags/NED.gif,MARSMAN Tim,APT,04/10/2000,72
666,(820),https://cqranking.com/common/flags/GBR.gif,GIDDINGS Joshua,LOI,20/07/2003,72
667,(948),https://cqranking.com/common/flags/DEN.gif,KOLZE CHANGIZI Sebastian,TUD,29/12/2000,72
668,(257),https://cqranking.com/common/flags/ESP.gif,LOPEZ PEREZ Juan Pedro,MOV,31/07/1997,72
669,(444),https://cqranking.com/common/flags/BEL.gif,VAN ASBROECK Tom,NSN,19/04/1990,71
670,(1811),https://cqranking.com/common/flags/NED.gif,VAN BEKKUM Darren,XAT,20/03/2002,71
671,(2253),https://cqranking.com/common/flags/BEL.gif,VERBRUGGHE Jens,NDT,23/09/2004,71
672,(1427),https://cqranking.com/common/flags/FRA.gif,PAPON Victor,NMC,25/01/2001,71
673,(867),https://cqranking.com/common/flags/SUI.gif,DILLIER Silvan,APT,03/08/1990,71
674,(282),https://cqranking.com/common/flags/EST.gif,TAARAMÄE Rein,KIN,24/04/1987,70
675,(700),https://cqranking.com/common/flags/BEL.gif,MARCHAND Gianni,TIS,01/06/1990,70
676,(901),https://cqranking.com/common/flags/NOR.gif,INGEBRIGTSEN Storm,UXM,17/02/2005,70
677,(846),https://cqranking.com/common/flags/FRA.gif,SENECHAL Florian,APT,10/07/1993,70
678,(883),https://cqranking.com/common/flags/FRA.gif,LOULERGUE Victor,CGF,27/10/2004,70
679,(354),https://cqranking.com/common/flags/GER.gif,ZWIEHOFF Ben,RBH,22/02/1994,70
680,(1229),https://cqranking.com/common/flags/AUS.gif,DINHAM Matthew,TPP,09/04/2000,70
681,(1087),https://cqranking.com/common/flags/ESP.gif,SERRANO RODRIGUEZ Javier,PTV,17/04/2001,70
682,(524),https://cqranking.com/common/flags/AUT.gif,SCHRETTL Marco,XAT,11/09/2003,70
683,(476),https://cqranking.com/common/flags/ITA.gif,GERMANI Lorenzo,GFC,03/03/2002,70
684,(1750),https://cqranking.com/common/flags/ITA.gif,IACOMONI Federico,TUK,10/07/2002,69
685,(478),https://cqranking.com/common/flags/DEN.gif,HANSEN Marcus Sander,BPC,25/08/2000,69
686,(407),https://cqranking.com/common/flags/FRA.gif,GUERNALEC Thibault,TEN,31/07/1997,69
687,(217),https://cqranking.com/common/flags/FRA.gif,GAUDU David,GFC,10/10/1996,69
688,(726),https://cqranking.com/common/flags/POL.gif,STOSZ Patryk,VOS,15/07/1994,69
689,(909),https://cqranking.com/common/flags/BEL.gif,MARIVOET SCHOLIERS Duarte,LWD,02/02/2005,68
690,(1463),https://cqranking.com/common/flags/BEL.gif,GODFROID Olivier,BPL,17/08/1994,68
691,(412),https://cqranking.com/common/flags/GER.gif,PETER Jannis,URR,30/10/2000,68
692,(643),https://cqranking.com/common/flags/IRL.gif,RAFFERTY Darren,EFE,01/07/2003,68
693,(540),https://cqranking.com/common/flags/BEL.gif,PLANCKAERT Edward,APT,01/02/1995,67
694,(1254),https://cqranking.com/common/flags/ITA.gif,MATTIO Pietro,TVL,27/06/2004,67
695,(718),https://cqranking.com/common/flags/ESP.gif,GONZALEZ LOPEZ David,PQT,21/02/1996,67
696,(-),https://cqranking.com/common/flags/BEL.gif,BOLLE Bert,VWE,05/02/2004,67
697,(699),https://cqranking.com/common/flags/ERI.gif,KUDUS Merhawi Gebremedhin,BBH,23/01/1994,67
698,(828),https://cqranking.com/common/flags/GER.gif,MÄRKL Niklas,TPP,03/03/1999,67
699,(557),https://cqranking.com/common/flags/ITA.gif,TAROZZI Manuele,BCS,20/06/1998,67
700,(333),https://cqranking.com/common/flags/BEL.gif,VAN HEMELEN Vincent,TFB,02/11/2000,67
701,(2511),https://cqranking.com/common/flags/AUS.gif,CHRISTIE-JOHNSTON Alastair,CBW,29/03/1998,66
702,(1607),https://cqranking.com/common/flags/KAZ.gif,PRONSKIY Daniil,VNQ,04/06/2000,66
703,(814),https://cqranking.com/common/flags/NED.gif,HUISING Menno,TVL,08/04/2004,66
704,(538),https://cqranking.com/common/flags/ITA.gif,VERGALLITO Luca,APT,14/09/1997,66
705,(1164),https://cqranking.com/common/flags/NED.gif,VAN ZANDEN Otto,AVV,27/10/2004,66
706,(802),https://cqranking.com/common/flags/LUX.gif,KIRSCH Alex,COF,12/06/1992,66
707,(907),https://cqranking.com/common/flags/BEL.gif,SENTJENS Sente,APT,02/09/2005,65
708,(-),https://cqranking.com/common/flags/FRA.gif,GIULIANO Dario,PTV,04/02/2005,65
709,(1280),https://cqranking.com/common/flags/CZE.gif,KUKRLE Michael,KCR,17/11/1994,65
710,(406),https://cqranking.com/common/flags/KAZ.gif,LUTSENKO Alexey,NSN,07/09/1992,65
711,(662),https://cqranking.com/common/flags/POR.gif,REIS Rafael Ferreira,ACR,15/07/1992,65
712,(385),https://cqranking.com/common/flags/CAN.gif,LEONARD Michael,EFE,26/03/2004,65
713,(1249),https://cqranking.com/common/flags/ITA.gif,MARTINELLI Alessio,BCS,26/04/2001,65
714,(613),https://cqranking.com/common/flags/NED.gif,VADER Milan,PQT,18/02/1996,65
715,(273),https://cqranking.com/common/flags/GBR.gif,STEWART Jake,NSN,02/10/1999,65
716,(894),https://cqranking.com/common/flags/BEL.gif,MARIS Elias,TFB,05/10/1999,65
717,(1902),https://cqranking.com/common/flags/BEL.gif,REX Tim,TVL,11/04/2004,65
718,(2541),https://cqranking.com/common/flags/POL.gif,MACIEJUK Kacper,VOS,18/05/2003,64
719,(1181),https://cqranking.com/common/flags/SUI.gif,THALMANN Roland,TUD,05/08/1993,64
720,(1089),https://cqranking.com/common/flags/ITA.gif,MASCIARELLI Lorenzo,MBH,22/10/2003,64
721,(1138),https://cqranking.com/common/flags/SVK.gif,SVRCEK Martin,SOQ,17/02/2003,64
722,(1413),https://cqranking.com/common/flags/CMR.gif,KUERE NOUNAWE Rodrigue Eric,-,22/06/1998,64
723,(1309),https://cqranking.com/common/flags/GBR.gif,BUCK JONES Huw,BAC,24/03/2004,63
724,(866),https://cqranking.com/common/flags/DEN.gif,JUUL JENSEN Christopher,JAY,06/07/1989,63
725,(531),https://cqranking.com/common/flags/GBR.gif,THORNLEY Callum,RBH,05/08/2003,63
726,(960),https://cqranking.com/common/flags/CHI.gif,ROJAS NARANJO Vicente Rodrigo,BCS,30/04/2002,63
727,(632),https://cqranking.com/common/flags/POL.gif,KACZMAREK Jakub,VOS,27/09/1993,63
728,(1240),https://cqranking.com/common/flags/NOR.gif,HAUGLAND Kasper,DCD,27/03/2005,63
729,(1516),https://cqranking.com/common/flags/ESP.gif,DEL PINO CORROCHANO Jesus,ALL,09/09/1990,63
730,(-),https://cqranking.com/common/flags/MEX.gif,CISNEROS DIAZ DE LEON Jose Said,SQD,23/04/2007,63
731,(494),https://cqranking.com/common/flags/UKR.gif,BUDIAK Anatolii,CNM,29/09/1995,63
732,(977),https://cqranking.com/common/flags/GER.gif,HESSMANN Michel,MOV,06/04/2001,62
733,(637),https://cqranking.com/common/flags/BEL.gif,VANHOOF Ward,TFB,18/04/1999,62
734,(237),https://cqranking.com/common/flags/NOR.gif,LØLAND Sakarias Koller,UXM,20/09/2001,62
735,(670),https://cqranking.com/common/flags/GRE.gif,BOUGLAS Georgios,BBH,17/11/1990,62
736,(579),https://cqranking.com/common/flags/PAN.gif,GONZALEZ CASTILLERO Roberto Carlos,TFT,21/05/1994,61
737,(935),https://cqranking.com/common/flags/GER.gif,RAPP Jonas,FNX,16/07/1994,61
738,(1577),https://cqranking.com/common/flags/ESP.gif,GIMENO FERRER Nil,EKP,21/04/2004,61
739,(-),https://cqranking.com/common/flags/RUS.gif,BOLDYREV Matvey,UAZ,26/08/2007,61
740,(1050),https://cqranking.com/common/flags/FRA.gif,AUGE Ronan,URR,29/04/2004,60
741,(292),https://cqranking.com/common/flags/AUT.gif,KONRAD Patrick,LTK,13/10/1991,60
742,(586),https://cqranking.com/common/flags/ITA.gif,BURATTI Nicolo,MBH,07/07/2001,60
743,(451),https://cqranking.com/common/flags/AUS.gif,DURBRIDGE Luke,JAY,09/04/1991,60
744,(375),https://cqranking.com/common/flags/BEL.gif,CAPIOT Amaury,JAY,25/06/1993,60
745,(279),https://cqranking.com/common/flags/BEL.gif,LIVYNS Arjen,XAT,01/09/1994,60
746,(342),https://cqranking.com/common/flags/LUX.gif,GENIETS Kévin,GFC,09/01/1997,60
747,(568),https://cqranking.com/common/flags/ITA.gif,RACCANI Simone,TUK,02/03/2001,60
748,(636),https://cqranking.com/common/flags/CZE.gif,NEUMAN Dominik,ATT,23/10/1995,60
749,(305),https://cqranking.com/common/flags/GBR.gif,GLOAG Thomas,PQT,13/09/2001,60
750,(360),https://cqranking.com/common/flags/ERI.gif,MAEKELE Milkias,NIA,04/09/2005,60
751,(1557),https://cqranking.com/common/flags/ESP.gif,DOMINGUEZ VILCHEZ David,BOA,28/07/2000,60
752,(936),https://cqranking.com/common/flags/BEL.gif,BEULLENS Cédric,LOI,27/01/1997,60
753,(1453),https://cqranking.com/common/flags/BEL.gif,AVONDTS Mathis,AVV,15/06/2003,60
754,(920),https://cqranking.com/common/flags/ESP.gif,ISASA LARRAÑAGA Xabier,EUS,24/08/2001,59
755,(303),https://cqranking.com/common/flags/GER.gif,BUCHMANN Emanuel,COF,18/11/1992,59
756,(603),https://cqranking.com/common/flags/CZE.gif,NOVAK Pavel,MOV,03/12/2004,59
757,(946),https://cqranking.com/common/flags/TUR.gif,ABAY Burak,KBB,01/01/1996,59
758,(810),https://cqranking.com/common/flags/LTU.gif,MIKUTIS Aivaras,TUD,16/09/2002,59
759,(71),https://cqranking.com/common/flags/FRA.gif,SIVAKOV Pavel,UEX,11/07/1997,59
760,(-),https://cqranking.com/common/flags/FRA.gif,SIMON Yohann,AUB,16/11/2001,59
761,(564),https://cqranking.com/common/flags/NED.gif,ZIJLAARD Maikel,TUD,01/06/1999,59
762,(914),https://cqranking.com/common/flags/BEL.gif,VAN TRICHT Stan,SQD,20/09/1999,59
763,(559),https://cqranking.com/common/flags/COL.gif,VARGAS ALZATE Walter Alejandro,MED,16/04/1992,59
764,(818),https://cqranking.com/common/flags/CHN.gif,SU Haoyu,XAT,26/10/2000,59
765,(927),https://cqranking.com/common/flags/AUS.gif,PORTER Rudy,JAY,15/12/2000,58
766,(950),https://cqranking.com/common/flags/AUT.gif,HOFBAUER Philipp,VBG,20/08/2002,58
767,(762),https://cqranking.com/common/flags/BEL.gif,HEREMANS Joppe,VRR,20/08/2003,58
768,(813),https://cqranking.com/common/flags/BEL.gif,CRAPS Lars,LOI,17/10/2001,58
769,(1003),https://cqranking.com/common/flags/NED.gif,RASENBERG Martijn,URR,09/11/2001,58
770,(1030),https://cqranking.com/common/flags/RWA.gif,NIYONKURU Samuel,AMN,03/05/2003,58
771,(1075),https://cqranking.com/common/flags/GBR.gif,DODD Matthew,NIA,27/11/2004,58
772,(934),https://cqranking.com/common/flags/COL.gif,HENAO MONTOYA Sergio Luis,TNC,10/12/1987,58
773,(601),https://cqranking.com/common/flags/ESP.gif,FAURA ASENSIO Jose Luis,BBH,15/09/2000,58
774,(437),https://cqranking.com/common/flags/ITA.gif,BAIS Davide,PTV,02/04/1998,58
775,(707),https://cqranking.com/common/flags/BEL.gif,SOENENS Viktor,SQD,05/10/2005,58
776,(905),https://cqranking.com/common/flags/ITA.gif,CONFORTI Lorenzo,BCS,22/05/2004,57
777,(-),https://cqranking.com/common/flags/NOR.gif,STIANSEN Jesper,TUU,22/04/2005,57
778,(627),https://cqranking.com/common/flags/ECU.gif,RAMIREZ TORRES Mateo Pablo,UAZ,09/03/2006,57
779,(249),https://cqranking.com/common/flags/BEL.gif,CRAS Steff,SOQ,13/02/1996,57
780,(381),https://cqranking.com/common/flags/ITA.gif,DE PRETTO Davide,JAY,19/04/2002,57
781,(686),https://cqranking.com/common/flags/FRA.gif,DELACROIX Théo,AUB,21/02/1999,57
782,(1196),https://cqranking.com/common/flags/AUS.gif,ROGERS Cameron,NIA,16/12/2004,57
783,(741),https://cqranking.com/common/flags/BEL.gif,HESTERS Jules,TFB,11/11/1998,57
784,(2841),https://cqranking.com/common/flags/TUR.gif,TARAKCI Mustafa,KBB,07/08/2005,56
785,(1028),https://cqranking.com/common/flags/POL.gif,PROC Bartlomiej,LPP,12/12/1999,56
786,(594),https://cqranking.com/common/flags/HUN.gif,DINA Marton,MBH,11/04/1996,56
787,(633),https://cqranking.com/common/flags/COL.gif,CONTRERAS PINZON Rodrigo,TNC,02/06/1994,56
788,(508),https://cqranking.com/common/flags/ESP.gif,PRADES REVERTER Benjami,VCF,26/10/1983,56
789,(546),https://cqranking.com/common/flags/NED.gif,DE VRIES Hartthijs,URR,11/07/1996,56
790,(1609),https://cqranking.com/common/flags/DEN.gif,MALMBERG Matias Gunnar,SWT,31/08/2000,56
791,(168),https://cqranking.com/common/flags/MON.gif,LANGELLOTTI Victor,XAT,07/06/1995,55
792,(2692),https://cqranking.com/common/flags/AUS.gif,WARD Jack,LTF,02/05/2005,55
793,(1282),https://cqranking.com/common/flags/MGL.gif,ENKHTAIVAN Bolorerdene,HST,08/06/1995,55
794,(843),https://cqranking.com/common/flags/CRO.gif,MIHOLJEVIC Fran,TBV,02/08/2002,55
795,(1425),https://cqranking.com/common/flags/ERI.gif,MULUGETA Yafiet,-,06/02/2005,55
796,(1047),https://cqranking.com/common/flags/AUS.gif,MACKELLAR Alastair,EFE,20/01/2002,55
797,(511),https://cqranking.com/common/flags/ITA.gif,BALLABIO Giacomo,VBG,10/01/1998,55
798,(678),https://cqranking.com/common/flags/NED.gif,LEEMREIZE Gijs,TPP,23/10/1999,55
799,(900),https://cqranking.com/common/flags/BEL.gif,EEMAN Kamiel,LWD,10/08/2005,55
800,(2211),https://cqranking.com/common/flags/GBR.gif,HAYTER Leo,MAP,10/08/2001,55
801,(752),https://cqranking.com/common/flags/POL.gif,GRADEK Kamil,TBV,17/09/1990,55
802,(1204),https://cqranking.com/common/flags/AUS.gif,RICHARDS Kane,ROI,01/12/1996,55
803,(448),https://cqranking.com/common/flags/NZL.gif,SMITH Dion,NSN,03/03/1993,55
804,(1374),https://cqranking.com/common/flags/FRA.gif,SANLAVILLE Mathias,CIC,19/01/2003,54
805,(1008),https://cqranking.com/common/flags/USA.gif,COLE Owen,-,01/05/2004,54
806,(1706),https://cqranking.com/common/flags/ITA.gif,LORELLO Riccardo,PAD,23/12/2005,54
807,(573),https://cqranking.com/common/flags/CAN.gif,HOULE Hugo,APT,27/09/1990,54
808,(215),https://cqranking.com/common/flags/DEN.gif,HONORE Mikkel Frølich,EFE,21/01/1997,53
809,(761),https://cqranking.com/common/flags/ERI.gif,AMAN Awet,IST,24/03/2003,53
810,(514),https://cqranking.com/common/flags/AUT.gif,KEPPLINGER Rainer,TBV,19/08/1997,53
811,(1488),https://cqranking.com/common/flags/NOR.gif,AARNES Daniel Smajkic,VRR,06/06/2000,53
812,(495),https://cqranking.com/common/flags/ITA.gif,AFFINI Edoardo,TVL,24/06/1996,53
813,(1618),https://cqranking.com/common/flags/EST.gif,RAGILO Frank Aron,LUC,22/03/2004,53
814,(-),https://cqranking.com/common/flags/SVK.gif,NOVAK Samuel,TIR,10/01/2005,53
815,(1073),https://cqranking.com/common/flags/ESP.gif,DELGADO HIGUERUELO David,QPT,13/07/2000,53
816,(959),https://cqranking.com/common/flags/SUI.gif,DONZE Robin,TUD,06/11/2003,53
817,(1416),https://cqranking.com/common/flags/DEN.gif,GUDNITZ Joshua Amos,TCQ,19/08/2001,53
818,(1151),https://cqranking.com/common/flags/UKR.gif,ANTONENKO Heorhii,ENT,08/04/2005,52
819,(1177),https://cqranking.com/common/flags/ESP.gif,ARRIOLABENGOA BEITIA Julen,CJR,16/02/2001,52
820,(795),https://cqranking.com/common/flags/AUT.gif,ZOIDL Riccardo,HAC,08/04/1988,52
821,(1643),https://cqranking.com/common/flags/DEN.gif,WANG Gustav,XAD,13/03/2003,52
822,(793),https://cqranking.com/common/flags/SLO.gif,ZUMER Matic,FAS,19/11/1997,52
823,(2645),https://cqranking.com/common/flags/ITA.gif,D'AIUTO Filippo,GEF,21/03/2002,52
824,(356),https://cqranking.com/common/flags/NED.gif,VAN UDEN Casper,TPP,22/07/2001,52
825,(671),https://cqranking.com/common/flags/GBR.gif,DOULL Owain,TVL,02/05/1993,52
826,(659),https://cqranking.com/common/flags/CZE.gif,VOLTR Martin,ATT,27/12/2001,51
827,(790),https://cqranking.com/common/flags/ITA.gif,CONSONNI Simone,LTK,12/09/1994,51
828,(372),https://cqranking.com/common/flags/COL.gif,MARTINEZ HUERTAS Juan Guillermo,TPP,21/11/2004,51
829,(710),https://cqranking.com/common/flags/NOR.gif,RESELL Erik Nordsaeter,UXM,28/09/1996,51
830,(1623),https://cqranking.com/common/flags/SVK.gif,RISKA Richard,HAC,27/12/2005,51
831,(332),https://cqranking.com/common/flags/NOR.gif,STAUNE-MITTET Johannes,DCT,18/01/2002,50
832,(723),https://cqranking.com/common/flags/BEL.gif,GRIGNARD Sébastien,LOI,29/04/1999,50
833,(-),https://cqranking.com/common/flags/ESP.gif,ROMEO ABAD Sergio,EKP,05/02/2005,50
834,(320),https://cqranking.com/common/flags/GER.gif,KÄMNA Lennard,LTK,09/09/1996,50
835,(695),https://cqranking.com/common/flags/ESP.gif,SERRANO RODRIGUEZ Gonzalo,MOV,17/08/1994,50
836,(1683),https://cqranking.com/common/flags/ITA.gif,ZAMPERINI Edoardo,COF,19/03/2003,50
837,(788),https://cqranking.com/common/flags/ITA.gif,TONELLI Alessandro,PTV,29/05/1992,50
838,(2791),https://cqranking.com/common/flags/COL.gif,GOMEZ JARAMILLO Nicolas David,GES,27/05/2000,50
839,(1221),https://cqranking.com/common/flags/SLO.gif,NOVAK Domen,UEX,12/07/1995,50
840,(220),https://cqranking.com/common/flags/BEL.gif,KIELICH Timo,TVL,05/08/1999,50
841,(824),https://cqranking.com/common/flags/ITA.gif,MOSCON Gianni,RBH,20/04/1994,50
842,(834),https://cqranking.com/common/flags/FIN.gif,BORREMANS Kasper,BVD,21/08/2006,50
843,(-),https://cqranking.com/common/flags/GBR.gif,HOWELL Adam,BAC,08/12/2004,50
844,(1412),https://cqranking.com/common/flags/SRB.gif,STOJNIC Veljko,TUS,04/02/1999,50
845,(893),https://cqranking.com/common/flags/BEL.gif,VANDENABEELE Henri,TFB,15/04/2000,50
846,(1358),https://cqranking.com/common/flags/BEL.gif,POLLEFLIET Gianluca,DCT,28/01/2002,49
847,(1109),https://cqranking.com/common/flags/NED.gif,KONIJN Alexander,NMC,15/10/1999,49
848,(1504),https://cqranking.com/common/flags/CYP.gif,ZABELINSKIY Bogdan,AAR,12/01/2005,49
849,(2655),https://cqranking.com/common/flags/BEL.gif,VAN DE PUTTE Victor,LWD,20/05/2002,49
850,(668),https://cqranking.com/common/flags/GBR.gif,WALKER Max,EFE,12/07/2001,49
851,(1141),https://cqranking.com/common/flags/ITA.gif,BRUTTOMESSO Alberto,TBV,30/10/2003,49
852,(1335),https://cqranking.com/common/flags/VEN.gif,ABREU SOLER Jorge Luis,-,16/03/1990,49
853,(2271),https://cqranking.com/common/flags/GBR.gif,WIGGINS Ben,HBG,26/03/2005,49
854,(146),https://cqranking.com/common/flags/ESP.gif,LANDA MEANA Mikel,SOQ,13/12/1989,48
855,(-),https://cqranking.com/common/flags/GBR.gif,WOOD Oliver,-,26/11/1995,48
856,(255),https://cqranking.com/common/flags/BEL.gif,MONIQUET Sylvain,COF,14/01/1998,48
857,(-),https://cqranking.com/common/flags/AUS.gif,BURNS Luke,VCH,11/06/1998,48
858,(-),https://cqranking.com/common/flags/CAN.gif,ROY Léo,-,10/05/2002,47
859,(299),https://cqranking.com/common/flags/AUS.gif,HOWSON Damien,PQT,13/08/1992,47
860,(-),https://cqranking.com/common/flags/NOR.gif,MESSEL Kevin Andre Sandli,RSK,02/07/2004,47
861,(63),https://cqranking.com/common/flags/ECU.gif,LOPEZ GRANIZO Harold Martin,XAT,03/12/2000,47
862,(143),https://cqranking.com/common/flags/IRL.gif,TOWNSEND Rory,URR,30/06/1995,47
863,(307),https://cqranking.com/common/flags/FRA.gif,BARGUIL Warren,TPP,28/10/1991,47
864,(979),https://cqranking.com/common/flags/FRA.gif,BENETEAU Lucas,AUB,15/03/2002,47
865,(717),https://cqranking.com/common/flags/ITA.gif,ZOCCARATO Samuele,MBH,09/01/1998,47
866,(570),https://cqranking.com/common/flags/DEN.gif,NØRTOFT Morten Aalling,TCQ,05/09/2002,47
867,(830),https://cqranking.com/common/flags/FRA.gif,LOZOUET Léandre,CIC,03/09/2004,47
868,(-),https://cqranking.com/common/flags/COL.gif,QUINTERO OSORNO Juan Diego,NIA,20/09/2006,46
869,(1437),https://cqranking.com/common/flags/POR.gif,CAMPOS Francisco Joaquim Brito,TCA,10/10/1997,46
870,(386),https://cqranking.com/common/flags/IRL.gif,DUNBAR Edward,PQT,01/09/1996,46
871,(842),https://cqranking.com/common/flags/BEL.gif,GELDERS Gil,SOQ,16/12/2002,46
872,(1815),https://cqranking.com/common/flags/JPN.gif,TODOME Yuhi,ART,18/06/2002,46
873,(911),https://cqranking.com/common/flags/USA.gif,STITES Tyler,MAP,18/03/1998,46
874,(507),https://cqranking.com/common/flags/SLO.gif,STAJNAR Mihael,PGL,06/10/2000,46
875,(569),https://cqranking.com/common/flags/AUS.gif,WALSH Liam,CBW,29/05/2001,46
876,(602),https://cqranking.com/common/flags/MGL.gif,SAINBAYAR Jambaljamts,BBH,04/09/1996,46
877,(606),https://cqranking.com/common/flags/CAN.gif,PICKRELL Riley,MAP,16/08/2001,46
878,(882),https://cqranking.com/common/flags/USA.gif,HLADY Gavin,EFA,01/02/2003,46
879,(578),https://cqranking.com/common/flags/NOR.gif,BYSTRØM Sven Erik,UXM,21/01/1992,46
880,(791),https://cqranking.com/common/flags/AUS.gif,SCHULTZ Nicholas,NSN,13/09/1994,45
881,(-),https://cqranking.com/common/flags/FRA.gif,BOUQUET Axel,AUB,02/02/2006,45
882,(1649),https://cqranking.com/common/flags/BEL.gif,SCHOOFS Jasper,SQD,30/03/2006,45
883,(268),https://cqranking.com/common/flags/SUI.gif,PELLAUD Simon,LNS,06/11/1992,45
884,(660),https://cqranking.com/common/flags/ESP.gif,MINTEGI CLAVER Iker,EUS,15/11/2002,45
885,(696),https://cqranking.com/common/flags/AUT.gif,BAYER Tobias,APT,17/11/1999,45
886,(-),https://cqranking.com/common/flags/SUI.gif,ZÜGER Andrin,RRS,08/06/2002,45
887,(2394),https://cqranking.com/common/flags/ITA.gif,ARRIGHETTI Nicolo,GEF,23/12/2004,45
888,(2293),https://cqranking.com/common/flags/ESP.gif,MUÑOZ GABIÑA Hodei,-,01/08/2006,45
889,(939),https://cqranking.com/common/flags/FRA.gif,CAPRON Rémi,VRR,18/06/2000,45
890,(1230),https://cqranking.com/common/flags/CZE.gif,KELEMEN Petr,TUD,18/11/2000,45
891,(583),https://cqranking.com/common/flags/DEN.gif,HELLEMOSE Asbjørn,JAY,15/01/1999,45
892,(634),https://cqranking.com/common/flags/FRA.gif,VERSCHUREN Killian,URR,20/10/2002,44
893,(607),https://cqranking.com/common/flags/POL.gif,GAJDULEWICZ Mateusz,ATT,22/12/2003,44
894,(423),https://cqranking.com/common/flags/BEL.gif,LAMPAERT Yves,SOQ,10/04/1991,44
895,(815),https://cqranking.com/common/flags/NED.gif,HAVERDINGS David,APD,01/04/2004,44
896,(956),https://cqranking.com/common/flags/JPN.gif,KOISHI Yuma,KIN,15/09/1993,44
897,(566),https://cqranking.com/common/flags/ARG.gif,TIVANI PEREZ German Nicolas,ALL,31/10/1995,44
898,(296),https://cqranking.com/common/flags/BEL.gif,DE PLUS Laurens,NCI,04/09/1995,44
899,(2859),https://cqranking.com/common/flags/ESP.gif,PEREZ LOPEZ Cesar,EKP,23/11/2004,44
900,(1247),https://cqranking.com/common/flags/POR.gif,SILVA Afonso Miguel Martins,TCA,22/03/2000,44
901,(-),https://cqranking.com/common/flags/FRA.gif,ADAM Guillaume,VCR,20/02/2002,44
902,(-),https://cqranking.com/common/flags/NED.gif,DIJKMAN Daan,UAZ,04/10/2007,43
903,(270),https://cqranking.com/common/flags/FRA.gif,MAIRE Adrien,URR,17/11/2000,43
904,(475),https://cqranking.com/common/flags/MGL.gif,BATSAIKHAN Tegshbayar,ROI,01/06/1998,43
905,(1287),https://cqranking.com/common/flags/AZE.gif,MIKAYILZADE Musa,-,16/06/1998,43
906,(1049),https://cqranking.com/common/flags/ECU.gif,OBANDO ROSAS Bryan Raul,GES,18/08/2001,43
907,(1017),https://cqranking.com/common/flags/ITA.gif,SKERL Daniel,TBV,21/03/2003,43
908,(1213),https://cqranking.com/common/flags/HUN.gif,TAKACS Zsombor,MBH,06/01/2006,43
909,(825),https://cqranking.com/common/flags/DEN.gif,NORSGAARD Mathias Sunekaer,LTK,05/05/1997,43
910,(622),https://cqranking.com/common/flags/ESP.gif,URIARTE BELZUNEGI Diego,EKP,26/10/2001,43
911,(491),https://cqranking.com/common/flags/SLO.gif,MAROLT Jaka,FRT,21/09/2005,43
912,(1191),https://cqranking.com/common/flags/GER.gif,KOECH Silas,LKH,29/06/2003,43
913,(-),https://cqranking.com/common/flags/GBR.gif,MITCHELL Adam,VDU,24/02/2002,43
914,(1382),https://cqranking.com/common/flags/IRL.gif,MCDUNPHY Conn,APS,03/02/1997,43
915,(1653),https://cqranking.com/common/flags/ECU.gif,GUAMA DE LA CRUZ Bayron Patricio,BES,14/06/1985,42
916,(247),https://cqranking.com/common/flags/GER.gif,MAYRHOFER Marius,TUD,18/09/2000,42
917,(1192),https://cqranking.com/common/flags/AUT.gif,PUTZ Sebastian,RBC,26/08/2003,42
918,(-),https://cqranking.com/common/flags/GBR.gif,PORTSMOUTH Tom,-,19/12/2001,42
919,(2531),https://cqranking.com/common/flags/AUS.gif,GREENWOOD Matthew,CBW,07/02/2003,42
920,(980),https://cqranking.com/common/flags/ITA.gif,KAJAMINI Florian Samuel,MBH,28/02/2003,42
921,(-),https://cqranking.com/common/flags/CZE.gif,BRADAC Adam,FRT,20/06/2006,41
922,(976),https://cqranking.com/common/flags/NED.gif,NABERMAN Tim,TPP,11/05/1999,41
923,(1161),https://cqranking.com/common/flags/CRC.gif,RAMIREZ VENEGAS Joseph Gerardo,-,14/07/2002,41
924,(964),https://cqranking.com/common/flags/SLO.gif,MEZGEC Luka,JAY,27/06/1988,41
925,(1278),https://cqranking.com/common/flags/BEL.gif,VERGAERDE Otto,LTK,15/07/1994,40
926,(1105),https://cqranking.com/common/flags/CRC.gif,HUERTAS ARAYA Jason Andrey,-,24/03/1998,40
927,(2254),https://cqranking.com/common/flags/BEL.gif,PLACE Maxence,AAR,18/01/2004,40
928,(1558),https://cqranking.com/common/flags/FRA.gif,FAURE PROST Alexy,TPP,22/04/2004,40
929,(1588),https://cqranking.com/common/flags/SWE.gif,DE LUCA Teodor,LUC,27/02/2006,40
930,(1244),https://cqranking.com/common/flags/BEL.gif,FRISON Frederik,PQT,28/07/1992,40
931,(2305),https://cqranking.com/common/flags/AUS.gif,COOK Leighton,-,26/06/1997,40
932,(778),https://cqranking.com/common/flags/ITA.gif,MORO Manlio,MOV,17/03/2002,40
933,(621),https://cqranking.com/common/flags/USA.gif,SIMMONS Colby,EFE,16/10/2003,39
934,(286),https://cqranking.com/common/flags/FRA.gif,DOUBEY Fabien,TEN,21/10/1993,39
935,(1582),https://cqranking.com/common/flags/GER.gif,FIETZKE Paul,RBC,23/01/2006,39
936,(529),https://cqranking.com/common/flags/NZL.gif,WRIGHT Paul,MAP,03/02/1998,39
937,(895),https://cqranking.com/common/flags/CMR.gif,KAMZONG ABOSSOLO Clovis,-,09/10/1991,39
938,(921),https://cqranking.com/common/flags/BEL.gif,VAN HAUTEGEM Leander,TFB,09/03/2003,39
939,(1166),https://cqranking.com/common/flags/COL.gif,GARZON ALFONSO Oscar Santiago,GES,22/06/2003,39
940,(1232),https://cqranking.com/common/flags/ITA.gif,MILAN Matteo,GFC,22/01/2003,39
941,(991),https://cqranking.com/common/flags/GBR.gif,GEORGE Alfred,EFC,30/01/2001,38
942,(785),https://cqranking.com/common/flags/BEL.gif,VERCOUILLIE Victor,TFB,03/11/2002,38
943,(743),https://cqranking.com/common/flags/FRA.gif,HENNEQUIN Paul,EUS,09/12/2002,38
944,(555),https://cqranking.com/common/flags/MRI.gif,MAYER Alexandre,BBH,29/04/1998,38
945,(1044),https://cqranking.com/common/flags/ALG.gif,ASSAL Mohamed Nadjib,MPT,07/06/1999,38
946,(-),https://cqranking.com/common/flags/BEL.gif,DEPUYDT Daan,BPL,15/11/2003,38
947,(39),https://cqranking.com/common/flags/USA.gif,POWLESS Neilson,EFE,03/09/1996,38
948,(1004),https://cqranking.com/common/flags/CRC.gif,RAMIREZ GONZALEZ Donovan,-,03/05/2002,37
949,(2424),https://cqranking.com/common/flags/NED.gif,GAL Ryan,MET,07/03/2005,37
950,(1019),https://cqranking.com/common/flags/NZL.gif,BOWER Lewis,GFC,14/10/2004,37
951,(1798),https://cqranking.com/common/flags/NED.gif,QUAEDVLIEG Lars,UNI,19/01/1995,37
952,(365),https://cqranking.com/common/flags/GER.gif,MATTHEIS Oliver,BAI,24/04/1995,37
953,(-),https://cqranking.com/common/flags/AUS.gif,LEAHY Conor,TBN,16/04/1999,37
954,(2443),https://cqranking.com/common/flags/POL.gif,GOSZCZURNY Patryk,VLD,14/03/2006,37
955,(1499),https://cqranking.com/common/flags/CAN.gif,PLAMONDON Joel,-,05/09/2002,37
956,(687),https://cqranking.com/common/flags/ITA.gif,PARISINI Nicolo,PQT,25/04/2000,37
957,(1532),https://cqranking.com/common/flags/NOR.gif,HVIDEBERG Jonas Hem,UXM,09/02/1999,37
958,(565),https://cqranking.com/common/flags/DEN.gif,DALBY Simon,UXM,29/01/2003,37
959,(-),https://cqranking.com/common/flags/POR.gif,MOREIRA Daniel Filipe Vieira,HBG,02/07/2006,37
960,(479),https://cqranking.com/common/flags/NZL.gif,KENCH Joshua,GFC,06/05/2001,37
961,(1090),https://cqranking.com/common/flags/GER.gif,ROTTMANN Jonathan Malte,LKH,03/05/2004,37
962,(1459),https://cqranking.com/common/flags/ITA.gif,NESPOLI Lorenzo,MBH,30/09/2004,36
963,(-),https://cqranking.com/common/flags/COL.gif,GUAVITA CAMACHO Cesar David,BES,13/01/2002,36
964,(-),https://cqranking.com/common/flags/SUI.gif,JENNI Luca,RRS,06/05/2002,36
965,(783),https://cqranking.com/common/flags/UAE.gif,JASIM ALALI Abdulla,UAZ,17/01/2003,36
966,(358),https://cqranking.com/common/flags/IRL.gif,BENNETT Sam,PQT,16/10/1990,36
967,(777),https://cqranking.com/common/flags/NZL.gif,THOMPSON Reuben,LOI,15/02/2001,36
968,(1029),https://cqranking.com/common/flags/ITA.gif,GALIMBERTI Lorenzo,SWT,02/01/2001,36
969,(1366),https://cqranking.com/common/flags/CAN.gif,VALENTI Luke,-,05/06/2004,36
970,(2596),https://cqranking.com/common/flags/POR.gif,CARVALHO Gonçalo Henrique Matos,TAV,03/12/1997,36
971,(481),https://cqranking.com/common/flags/BEL.gif,VANHOUCKE Harm,PQT,17/06/1997,36
972,(-),https://cqranking.com/common/flags/GBR.gif,CHARLTON Josh,NIA,10/02/2003,36
973,(750),https://cqranking.com/common/flags/SUI.gif,WEISS Fabian,TUD,11/04/2002,36
974,(1446),https://cqranking.com/common/flags/RUS.gif,STEPANOV Andrey,CDT,18/04/1999,35
975,(2398),https://cqranking.com/common/flags/ITA.gif,REGNANTI Matteo,TFT,27/07/2001,35
976,(-),https://cqranking.com/common/flags/NED.gif,SCHAPER Joeri,SQD,29/01/2006,35
977,(2227),https://cqranking.com/common/flags/GBR.gif,STOCKWELL Oliver,TBV,07/06/2002,35
978,(1145),https://cqranking.com/common/flags/CRC.gif,BRENES MATA Sebastian,CAJ,10/08/2000,35
979,(733),https://cqranking.com/common/flags/IRL.gif,CROCKETT Finn,VWE,30/06/1999,35
980,(2835),https://cqranking.com/common/flags/GER.gif,CHARROIS Leo,-,10/10/1998,35
981,(658),https://cqranking.com/common/flags/FRA.gif,PALENI Enzo,GFC,30/05/2002,35
982,(876),https://cqranking.com/common/flags/DEN.gif,ROSENLUND RICHTER Stian,GSH,04/04/2002,35
983,(2289),https://cqranking.com/common/flags/GBR.gif,LIGHTFOOT Mark,AIX,26/06/2005,35
984,(1134),https://cqranking.com/common/flags/BEL.gif,BASTIAENS Ayco,SOQ,03/06/1996,35
985,(1021),https://cqranking.com/common/flags/GBR.gif,SMITHSON Jed,HBG,19/08/2005,35
986,(-),https://cqranking.com/common/flags/FRA.gif,BARRILLOT Bohémond,AIX,08/04/2004,35
987,(1833),https://cqranking.com/common/flags/ESP.gif,RETEGI GOÑI Mikel,EKP,27/04/2001,35
988,(-),https://cqranking.com/common/flags/ERI.gif,TESFALEM Natan,-,13/08/2007,35
989,(409),https://cqranking.com/common/flags/GBR.gif,SWIFT Ben,NCI,05/11/1987,35
990,(1110),https://cqranking.com/common/flags/NOR.gif,DOLVEN Halvor,LWD,13/04/2004,35
991,(703),https://cqranking.com/common/flags/PAN.gif,ARCHIBOLD CASTILLO Franklin,-,24/08/1997,35
992,(930),https://cqranking.com/common/flags/IRL.gif,O'BRIEN Liam,LTF,16/03/2005,35
993,(2131),https://cqranking.com/common/flags/FRA.gif,MAINGUENAUD Tom,NMC,13/08/2000,35
994,(-),https://cqranking.com/common/flags/USA.gif,CAUDELL Ezra,MAP,08/09/2006,35
995,(1011),https://cqranking.com/common/flags/SWE.gif,FORSSELL Hugo,-,04/01/1999,35
996,(884),https://cqranking.com/common/flags/FRA.gif,BASSET Pierre Henry,XAD,29/03/2004,35
997,(2819),https://cqranking.com/common/flags/ITA.gif,DELLE VEDOVE Alessio,XAD,11/02/2004,34
998,(620),https://cqranking.com/common/flags/DEN.gif,STOKBRO Andreas Nielsen,TCQ,08/04/1997,34
999,(-),https://cqranking.com/common/flags/NED.gif,KROONEN Max,BCY,23/08/2000,34
1000,(702),https://cqranking.com/common/flags/RSA.gif,ORMISTON Callum,THT,02/08/2000,34
1001,(2221),https://cqranking.com/common/flags/ITA.gif,PIRAS Andrea,TFT,05/02/2002,34
1002,(2626),https://cqranking.com/common/flags/TUR.gif,DEPE Serdar Anil,STC,20/02/1998,34
1003,(-),https://cqranking.com/common/flags/SUI.gif,ZUMSTEIN Melk,-,14/10/2005,34
1004,(1408),https://cqranking.com/common/flags/POR.gif,CARVALHO Rui Filipe Ribeiro,GSU,28/04/1995,34
1005,(919),https://cqranking.com/common/flags/NED.gif,KRIJNSEN Jelte,JAY,12/05/2001,33
1006,(1433),https://cqranking.com/common/flags/URU.gif,ASCONEGUY DIAZ Roderyck,-,20/06/1990,33
1007,(1132),https://cqranking.com/common/flags/BEL.gif,KUYPERS Gerben,PSC,01/02/2000,33
1008,(958),https://cqranking.com/common/flags/NOR.gif,FELDMANN Karsten Larsen,URR,28/03/2003,33
1009,(1237),https://cqranking.com/common/flags/ITA.gif,CATTANI Alessandro,TER,08/03/2005,33
1010,(1149),https://cqranking.com/common/flags/NED.gif,REEMEIJER Niels,HST,04/07/2002,33
1011,(1351),https://cqranking.com/common/flags/AUT.gif,ZANGERLE Emanuel,VBG,24/09/2000,33
1012,(730),https://cqranking.com/common/flags/POL.gif,BANASZEK Norbert,ATT,18/06/1997,33
1013,(-),https://cqranking.com/common/flags/GBR.gif,HOBBS Henry,VLD,20/05/2007,33
1014,(765),https://cqranking.com/common/flags/LAT.gif,BOGDANOVICS Maris,FNX,19/11/1991,33
1015,(1670),https://cqranking.com/common/flags/LUX.gif,BETTENDORFF Loïc,HAC,28/04/2001,33
1016,(2226),https://cqranking.com/common/flags/ITA.gif,NENCINI Tommaso,TFT,10/09/2000,33
1017,(1976),https://cqranking.com/common/flags/NZL.gif,GARDNER James,TSG,18/03/2005,33
1018,(952),https://cqranking.com/common/flags/GBR.gif,PATTINSON Tomos,EFA,17/10/2005,33
1019,(1067),https://cqranking.com/common/flags/BER.gif,HOPKINS Kaden,-,24/03/2000,32
1020,(-),https://cqranking.com/common/flags/SUI.gif,HALDIMANN Guillaume,-,15/10/2002,32
1021,(1219),https://cqranking.com/common/flags/MEX.gif,FRAYRE MOCTEZUMA Eder,LLA,20/10/1991,32
1022,(913),https://cqranking.com/common/flags/PAN.gif,ESPINOSA SERRANO Bolivar,-,08/12/1996,32
1023,(1032),https://cqranking.com/common/flags/LAT.gif,KLISMETS Karlis,ENT,17/07/2003,32
1024,(928),https://cqranking.com/common/flags/RWA.gif,MASENGESHO Vainqueur,BBT,01/01/2002,32
1025,(768),https://cqranking.com/common/flags/KAZ.gif,KUZMIN Anton,XAT,20/11/1996,32
1026,(744),https://cqranking.com/common/flags/SRB.gif,STOLIC Mihajlo,BVD,15/02/2004,32
1027,(1904),https://cqranking.com/common/flags/USA.gif,LOPEZ DE SAN ROMAN Ian,MAP,28/10/2003,32
1028,(597),https://cqranking.com/common/flags/GBR.gif,FLYNN Sean,TPP,02/03/2000,32
1029,(1001),https://cqranking.com/common/flags/VEN.gif,LINAREZ MENESES Leangel Ruben,TAV,07/08/1997,32
1030,(1639),https://cqranking.com/common/flags/COL.gif,ROJAS VEGA Brandon Alejandro,GES,02/07/2002,32
1031,(974),https://cqranking.com/common/flags/COL.gif,PEÑA MOLANO Wilson Estiben,ESC,07/04/1998,32
1032,(899),https://cqranking.com/common/flags/BEL.gif,TAILLIEU Aldo,VLD,10/02/2006,32
1033,(677),https://cqranking.com/common/flags/GER.gif,HEIDEMANN Miguel,RRN,27/01/1998,32
1034,(2559),https://cqranking.com/common/flags/SUI.gif,GINTER Nicolas,TIR,05/02/2006,31
1035,(853),https://cqranking.com/common/flags/USA.gif,BRUNNER Eric,PEC,01/12/1998,31
1036,(839),https://cqranking.com/common/flags/DEN.gif,PRICE-PEJTERSEN Johan,APT,26/05/1999,31
1037,(1651),https://cqranking.com/common/flags/ITA.gif,BICELLI Michele,BIE,11/06/2006,31
1038,(1137),https://cqranking.com/common/flags/BER.gif,NARRAWAY Nicholas,CER,28/06/2002,31
1039,(1581),https://cqranking.com/common/flags/GBR.gif,BROOKES Joseph,AIX,14/09/2004,31
1040,(1699),https://cqranking.com/common/flags/FRA.gif,JEAN Victor,EFC,03/10/2003,31
1041,(656),https://cqranking.com/common/flags/RSA.gif,JANSE VAN RENSBURG Reinardt,TPC,03/02/1989,31
1042,(1507),https://cqranking.com/common/flags/LAT.gif,SKRAPCIS Olivers Jekabs,ENT,29/08/2006,31
1043,(2836),https://cqranking.com/common/flags/FRA.gif,HUE Antoine,VCR,17/12/2004,31
1044,(2502),https://cqranking.com/common/flags/ALG.gif,SAIDI Nassim,MPT,09/12/1994,31
1045,(2291),https://cqranking.com/common/flags/COL.gif,CRUZ MARTINEZ Edward Santiago,BCS,05/07/2006,31
1046,(2171),https://cqranking.com/common/flags/DEN.gif,MACHHOLDT Magnus,-,04/01/2003,31
1047,(819),https://cqranking.com/common/flags/KAZ.gif,REMKHI Rudolf,BKC,05/10/2003,31
1048,(1852),https://cqranking.com/common/flags/NED.gif,VAN DEN EIJNDEN Guus,APD,03/10/2005,31
1049,(2023),https://cqranking.com/common/flags/ECU.gif,MONTENEGRO NARVAEZ Jimmy Santiago,BES,15/05/1998,31
1050,(1015),https://cqranking.com/common/flags/SUI.gif,TENDON Arnaud,VRR,06/11/2002,31
1051,(-),https://cqranking.com/common/flags/NZL.gif,WILSON Matthew,-,15/09/2001,30
1052,(-),https://cqranking.com/common/flags/TUR.gif,SAMLI Feritcan,STC,29/01/1994,30
1053,(2456),https://cqranking.com/common/flags/JPN.gif,HAYASHIBARA Shoma,SMN,25/10/2003,30
1054,(651),https://cqranking.com/common/flags/GBR.gif,KNOX James,TPP,04/11/1995,30
1055,(1533),https://cqranking.com/common/flags/SWE.gif,ERIKSSON Jacob,TUD,01/10/1999,30
1056,(982),https://cqranking.com/common/flags/POR.gif,LOPES Lucas Simoes,EFP,10/04/2003,30
1057,(1739),https://cqranking.com/common/flags/GRE.gif,GIANNOUTSOS Miltiadis,-,18/08/1997,30
1058,(1853),https://cqranking.com/common/flags/ALB.gif,KAMBERAJ Valentino,TSL,11/05/2005,30
1059,(1222),https://cqranking.com/common/flags/POL.gif,PAWLAK Tobiasz,ATT,24/11/1995,30
1060,(-),https://cqranking.com/common/flags/ITA.gif,ANASTASIA Tommaso,TER,12/11/2006,30
1061,(694),https://cqranking.com/common/flags/NED.gif,MAAS Jan,COF,19/02/1996,30
1062,(1112),https://cqranking.com/common/flags/NOR.gif,LAENGEN Vegard Stake,UEX,07/02/1989,30
1063,(2361),https://cqranking.com/common/flags/URU.gif,RODRIGUEZ RAMOS Diego Leonel,-,10/10/1995,30
1064,(966),https://cqranking.com/common/flags/BEL.gif,VAN LERBERGHE Bert,SOQ,29/09/1992,30
1065,(1620),https://cqranking.com/common/flags/BEL.gif,DE BRUYCKERE Kay,PSC,21/03/2004,30
1066,(-),https://cqranking.com/common/flags/FRA.gif,LAYRAC Gabriel,AIX,10/11/2006,30
1067,(933),https://cqranking.com/common/flags/NED.gif,KRUIJSWIJK Steven,TVL,07/06/1987,30
1068,(-),https://cqranking.com/common/flags/IRL.gif,MCGEOUGH Cormac,7RP,11/08/1996,30
1069,(513),https://cqranking.com/common/flags/DEN.gif,WANDAHL Frederik,RBH,09/05/2001,30
1070,(1246),https://cqranking.com/common/flags/LUX.gif,WIRTGEN Luc,TUD,07/07/1998,30
1071,(872),https://cqranking.com/common/flags/NED.gif,PAASSCHENS Mathijs,TBV,18/03/1996,30
1072,(1993),https://cqranking.com/common/flags/IRI.gif,SOHRABI Mehdi,-,12/10/1981,30
1073,(2408),https://cqranking.com/common/flags/RSA.gif,KIECK Blaine,-,10/05/2004,30
1074,(309),https://cqranking.com/common/flags/FRA.gif,ROCHAS Rémy,GFC,18/05/1996,30
1075,(776),https://cqranking.com/common/flags/AUS.gif,HAMILTON Lucas,NCI,12/02/1996,30
1076,(-),https://cqranking.com/common/flags/USA.gif,MARIS Jesse,-,19/03/2004,30
1077,(1923),https://cqranking.com/common/flags/CRC.gif,CALDERON CASALVOLONE Sebastian,-,24/06/2003,30
1078,(985),https://cqranking.com/common/flags/BEL.gif,DEMAN Brem,TFB,16/05/2002,30
1079,(2041),https://cqranking.com/common/flags/ITA.gif,RIDOLFO Filippo,TNN,08/11/2001,29
1080,(816),https://cqranking.com/common/flags/UZB.gif,KHALMURATOV Muradjan,SAB,11/06/1982,29
1081,(1281),https://cqranking.com/common/flags/GER.gif,CARSTENSEN Lucas,KIN,16/06/1994,29
1082,(1061),https://cqranking.com/common/flags/ESP.gif,ALUSTIZA GOENAGA Nicolas,EUS,04/01/2003,29
1083,(-),https://cqranking.com/common/flags/FRA.gif,LANGELLA Lénaïc,CIC,14/06/2004,29
1084,(1000),https://cqranking.com/common/flags/BEL.gif,DESAL Cériel,SQD,20/10/1999,29
1085,(1716),https://cqranking.com/common/flags/INA.gif,RIZQI Dimas Nur Fadhil,JPC,12/05/2006,29
1086,(854),https://cqranking.com/common/flags/CRC.gif,ROJAS CAMPOS Gabriel Francisco,-,09/02/2000,29
1087,(1252),https://cqranking.com/common/flags/ITA.gif,AMBROSINI Matteo,MBH,23/04/2002,29
1088,(931),https://cqranking.com/common/flags/COL.gif,HERREÑO POLANIA Martin Santiago,BCS,13/09/2006,29
1089,(653),https://cqranking.com/common/flags/FRA.gif,GUGLIELMI Simon,AUB,01/07/1997,29
1090,(-),https://cqranking.com/common/flags/POL.gif,MURYJ Antoni,MSP,02/09/2005,29
1091,(2372),https://cqranking.com/common/flags/POR.gif,BARBOSA Diogo Garces,TCA,13/06/2000,28
1092,(1417),https://cqranking.com/common/flags/GER.gif,BORRESCH Julian,RRN,19/03/2002,28
1093,(1359),https://cqranking.com/common/flags/COL.gif,MESA PIETRALUNGA Santiago,ACR,11/11/1997,28
1094,(775),https://cqranking.com/common/flags/ESP.gif,FERNANDEZ ANDUJAR Ruben,ACR,01/03/1991,28
1095,(1127),https://cqranking.com/common/flags/ITA.gif,BATTISTELLA Samuele,EFE,14/11/1998,28
1096,(-),https://cqranking.com/common/flags/FRA.gif,DEURWEILHER Guillaume,-,03/05/2004,28
1097,(492),https://cqranking.com/common/flags/FRA.gif,BRUNEL Alexys,TEN,10/10/1998,28
1098,(-),https://cqranking.com/common/flags/GER.gif,BALLERSTEDT Maurice,APT,16/01/2001,28
1099,(1489),https://cqranking.com/common/flags/BRA.gif,ROSSI Joao Pedro,LMS,02/10/1999,28
1100,(1503),https://cqranking.com/common/flags/GBR.gif,BUSH Jacob,DPP,02/06/2005,28
1101,(1372),https://cqranking.com/common/flags/ERI.gif,GIRMAY Mewael,IST,15/04/2005,28
1102,(1371),https://cqranking.com/common/flags/FRA.gif,FABRIES Ugo,UAZ,03/08/2005,28
1103,(1256),https://cqranking.com/common/flags/ITA.gif,CAPRA Thomas,BVD,03/02/2005,27
1104,(1023),https://cqranking.com/common/flags/FRA.gif,BLAISE Arthur,AAR,15/03/2005,27
1105,(-),https://cqranking.com/common/flags/COL.gif,FLOREZ GARCES Samuel Alejandro,MAP,28/07/2005,27
1106,(2229),https://cqranking.com/common/flags/DEN.gif,DAHL Gustav Frederik,TGS,27/11/2000,27
1107,(1684),https://cqranking.com/common/flags/GBR.gif,BROUGH Jack,AIX,23/07/2003,27
1108,(2400),https://cqranking.com/common/flags/POR.gif,BARBAS Rafael Elvas,TAV,27/06/2004,27
1109,(2803),https://cqranking.com/common/flags/SUI.gif,SOMMER Jan,EFC,22/08/2000,27
1110,(-),https://cqranking.com/common/flags/GBR.gif,GRINDLEY Sebastian,LTF,24/04/2006,27
1111,(831),https://cqranking.com/common/flags/BEL.gif,COPPENS Michiel,BCY,17/12/2002,27
1112,(1108),https://cqranking.com/common/flags/ITA.gif,CANTONI Andrea,MGK,11/09/2000,27
1113,(1644),https://cqranking.com/common/flags/NED.gif,DORENBOS Yanne,AVV,15/09/2000,27
1114,(2540),https://cqranking.com/common/flags/JPN.gif,HASHIKAWA Takeshi Jo,KIN,06/02/2003,27
1115,(2260),https://cqranking.com/common/flags/ITA.gif,OIOLI Manuel,SWT,17/05/2003,27
1116,(1345),https://cqranking.com/common/flags/KOR.gif,KIM Eu-ro,LXC,07/10/1999,26
1117,(1271),https://cqranking.com/common/flags/EST.gif,KÜÜT Oskar,QPT,20/09/2005,26
1118,(1059),https://cqranking.com/common/flags/ITA.gif,PETTITI Nicolo,SWT,10/08/2002,26
1119,(582),https://cqranking.com/common/flags/ESP.gif,SAMITIER SAMITIER Sergio,COF,31/08/1995,26
1120,(1084),https://cqranking.com/common/flags/ITA.gif,PIETROBON Andrea,PTV,11/03/1999,26
1121,(-),https://cqranking.com/common/flags/SWE.gif,LOVIDIUS Gustav,-,27/08/2004,26
1122,(2317),https://cqranking.com/common/flags/GBR.gif,RIWNYJ Danylo,-,02/03/1999,26
1123,(986),https://cqranking.com/common/flags/NOR.gif,ØRN-KRISTOFF Felix,LOI,15/03/2006,26
1124,(1174),https://cqranking.com/common/flags/BIZ.gif,CHAVARRIA Derrick,CNM,17/08/2003,26
1125,(1797),https://cqranking.com/common/flags/MGL.gif,IDERBOLD Bold,CDT,27/06/1998,26
1126,(1100),https://cqranking.com/common/flags/HUN.gif,PELIKAN Janos,TUS,19/04/1995,26
1127,(-),https://cqranking.com/common/flags/CZE.gif,PESEK Adam,KCR,08/03/2006,25
1128,(1043),https://cqranking.com/common/flags/COL.gif,LOPEZ RIVERA Robinson Fabian,GES,17/09/1996,25
1129,(1482),https://cqranking.com/common/flags/COL.gif,ALBA BOLIVAR Juan Diego,TNC,11/09/1997,25
1130,(1125),https://cqranking.com/common/flags/ITA.gif,GAZZOLI Michele,TFT,04/03/1999,25
1131,(649),https://cqranking.com/common/flags/ESP.gif,SAGRADO PEREZ Alvaro,TSM,28/11/2000,25
1132,(1738),https://cqranking.com/common/flags/HUN.gif,PEAK Barnabas,MBH,29/11/1998,25
1133,(619),https://cqranking.com/common/flags/CAN.gif,BOIVIN Guillaume,NSN,25/05/1989,25
1134,(705),https://cqranking.com/common/flags/POL.gif,BUDZINSKI Tomasz,ATT,24/04/1998,25
1135,(811),https://cqranking.com/common/flags/ITA.gif,VILLA Giacomo,BIE,29/01/2002,25
1136,(639),https://cqranking.com/common/flags/FRA.gif,JOALLAND Yael,COF,20/09/2000,25
1137,(521),https://cqranking.com/common/flags/BEL.gif,DE POOTER Dries,JAY,08/11/2002,25
1138,(1188),https://cqranking.com/common/flags/NED.gif,GELEIJN Owen,URR,14/01/2001,25
1139,(984),https://cqranking.com/common/flags/ALG.gif,MIMOUNI Oussama Abdellah,MPT,27/03/2003,25
1140,(751),https://cqranking.com/common/flags/BEL.gif,VERVENNE Jonathan,SOQ,27/05/2003,25
1141,(1584),https://cqranking.com/common/flags/DEN.gif,JØLVING Otto Schultz,TCQ,25/09/2006,25
1142,(1209),https://cqranking.com/common/flags/GBR.gif,PEACE Oliver,TPP,02/04/2005,25
1143,(2717),https://cqranking.com/common/flags/BEL.gif,DE CLERCQ Matthijs,SQD,23/01/2006,25
1144,(1297),https://cqranking.com/common/flags/SRB.gif,DJURIC Djordje,TFT,21/06/2000,25
1145,(-),https://cqranking.com/common/flags/ITA.gif,SANFILIPPO Cristian,BIE,27/02/2006,25
1146,(534),https://cqranking.com/common/flags/SUI.gif,LIENHARD Fabian,TUD,03/09/1993,25
1147,(1666),https://cqranking.com/common/flags/POR.gif,SALGUEIRO Carlos Miguel Leite,TCA,09/06/1999,25
1148,(1046),https://cqranking.com/common/flags/CZE.gif,REHA Filip,ATT,12/03/2001,25
1149,(2247),https://cqranking.com/common/flags/BEL.gif,VERMOOTE Jelle,TIS,29/08/2001,25
1150,(549),https://cqranking.com/common/flags/FRA.gif,HUBY Antoine,7RP,19/01/2001,25
1151,(1041),https://cqranking.com/common/flags/BEL.gif,STOCKMAN Abram,URR,31/07/1996,25
1152,(-),https://cqranking.com/common/flags/ESP.gif,BENITO GONZALEZ Adrian,PTV,07/06/2004,25
1153,(1175),https://cqranking.com/common/flags/BEL.gif,VANDENSTORME Dylan,TFB,19/04/2002,25
1154,(1143),https://cqranking.com/common/flags/DEN.gif,SVARRE Tobias,UXM,19/07/2004,25
1155,(805),https://cqranking.com/common/flags/VEN.gif,MORA RAMIREZ Luis Guillermo,-,23/11/1994,25
1156,(969),https://cqranking.com/common/flags/FRA.gif,OURSELIN Paul,COF,13/04/1994,25
1157,(452),https://cqranking.com/common/flags/BEL.gif,ALLEGAERT Piet,COF,20/01/1995,25
1158,(-),https://cqranking.com/common/flags/BRA.gif,MELO Alex Ferreira,-,17/11/1993,24
1159,(972),https://cqranking.com/common/flags/POR.gif,NUNES Hugo Rafael Andrade,LAA,17/11/1996,24
1160,(-),https://cqranking.com/common/flags/HUN.gif,TOTH Marko,TUS,06/09/2005,24
1161,(849),https://cqranking.com/common/flags/ITA.gif,SAVINO Federico,SQD,10/07/2004,24
1162,(-),https://cqranking.com/common/flags/USA.gif,WELCH Patrick,APS,19/04/2001,24
1163,(1258),https://cqranking.com/common/flags/TUR.gif,ÖRKEN Ahmet,STC,12/03/1993,24
1164,(1107),https://cqranking.com/common/flags/ITA.gif,D'AMATO Andrea,TUK,14/11/2002,24
1165,(572),https://cqranking.com/common/flags/SVK.gif,SCHWARZBACHER Matthias,EFE,22/12/2005,24
1166,(2588),https://cqranking.com/common/flags/CZE.gif,ZAHALKA Matej,KCR,04/12/1993,24
1167,(2825),https://cqranking.com/common/flags/AUS.gif,MCKENZIE Hamish,JAY,13/09/2004,24
1168,(1284),https://cqranking.com/common/flags/PAN.gif,JURADO LOPEZ Christofer Robin,-,27/10/1995,24
1169,(-),https://cqranking.com/common/flags/CZE.gif,SUMPIK Pavel,DPP,11/09/2006,24
1170,(-),https://cqranking.com/common/flags/NZL.gif,PRESBURY Jeremy,NZP,07/08/1995,24
1171,(-),https://cqranking.com/common/flags/ERI.gif,EFREM Nftalem,-,30/10/2007,24
1172,(-),https://cqranking.com/common/flags/NOR.gif,MARTINSEN Georg Rydningen,DRP,17/09/2005,24
1173,(1916),https://cqranking.com/common/flags/BRA.gif,LEMES Bruno Martins,LMS,13/12/1996,24
1174,(-),https://cqranking.com/common/flags/EST.gif,MÄTIK Oliver,TUU,03/06/2006,24
1175,(2821),https://cqranking.com/common/flags/ITA.gif,BOZZOLA Mirko,PAD,20/02/2004,24
1176,(897),https://cqranking.com/common/flags/TUR.gif,BULUT Samet,BKC,18/08/2002,24
1177,(1202),https://cqranking.com/common/flags/GUA.gif,RODAS OCHOA Manuel Oseas,-,05/07/1984,24
1178,(735),https://cqranking.com/common/flags/ERI.gif,YEMANE Even,BAI,19/08/2005,24
1179,(-),https://cqranking.com/common/flags/ARG.gif,DOMINGUEZ CAMPOS Mauricio Ricardo,-,22/12/2001,24
1180,(1867),https://cqranking.com/common/flags/ALG.gif,RIAHI Anes,MPT,10/05/2006,23
1181,(1897),https://cqranking.com/common/flags/RWA.gif,MUHOZA Eric,AMN,01/01/2002,23
1182,(2217),https://cqranking.com/common/flags/ESP.gif,SANCHEZ MAYO Pelayo,MOV,27/03/2000,23
1183,(-),https://cqranking.com/common/flags/ITA.gif,CETTOLIN Filippo,BCS,23/06/2006,23
1184,(1327),https://cqranking.com/common/flags/UAE.gif,ALMUTAIWEI Mohamed,UAZ,28/11/2003,23
1185,(1187),https://cqranking.com/common/flags/COL.gif,BUSTAMANTE RUDA Adrian Camilo,GSU,10/06/1998,23
1186,(443),https://cqranking.com/common/flags/NED.gif,RASCH Jesper,CAT,22/03/1998,23
1187,(937),https://cqranking.com/common/flags/COL.gif,HODEG CHAGUI Alvaro Jose,MED,16/09/1996,23
1188,(1481),https://cqranking.com/common/flags/ITA.gif,VIVIANI Attilio,TFT,18/10/1996,23
1189,(809),https://cqranking.com/common/flags/RUS.gif,GONOV Lev,XAT,06/01/2000,23
1190,(2710),https://cqranking.com/common/flags/GER.gif,SCHEMPP Oscar,BAI,18/03/2005,23
1191,(2848),https://cqranking.com/common/flags/FRA.gif,SANCHEZ Clément,VDU,01/10/2005,23
1192,(1506),https://cqranking.com/common/flags/BEL.gif,VAN GILS Lucas,LWD,15/09/2006,23
1193,(836),https://cqranking.com/common/flags/JPN.gif,OKA Atsushi,ABZ,03/09/1995,23
1194,(-),https://cqranking.com/common/flags/CHN.gif,CHEN Yusheng,CAT,07/05/2004,23
1195,(1832),https://cqranking.com/common/flags/ESP.gif,LOPEZ CUESTA Joseba,CJR,05/03/2000,23
1196,(1027),https://cqranking.com/common/flags/SLO.gif,PRIMOZIC Jaka,HAC,08/12/1998,23
1197,(1983),https://cqranking.com/common/flags/BRA.gif,METZGER Gabriel,-,13/09/2001,23
1198,(-),https://cqranking.com/common/flags/VEN.gif,MENDEZ PEREZ Diego Alejandro,-,11/10/2006,23
1199,(1314),https://cqranking.com/common/flags/SEY.gif,GABRIEL Jahdel,-,16/01/2005,22
1200,(944),https://cqranking.com/common/flags/GER.gif,LEIDERT Louis,LTF,16/05/2005,22
1201,(1660),https://cqranking.com/common/flags/RSA.gif,BASSON Gustav,TPC,23/02/1996,22
1202,(943),https://cqranking.com/common/flags/NOR.gif,FOUGNER Eivind Broholt,URR,02/03/2003,22
1203,(1292),https://cqranking.com/common/flags/KOS.gif,NUHA Blerton,CLN,26/08/2000,22
1204,(1231),https://cqranking.com/common/flags/ROU.gif,VAIDIAN Iustin-Ioan,MEN,05/01/2001,22
1205,(1603),https://cqranking.com/common/flags/VIN.gif,ANTROBUS Lucky,-,03/01/1992,22
1206,(1724),https://cqranking.com/common/flags/ANT.gif,WHITTAKER Alexander,-,10/04/1991,22
1207,(2439),https://cqranking.com/common/flags/SIN.gif,LIM Bing Yi Eamon,-,21/03/2005,22
1208,(2786),https://cqranking.com/common/flags/MGL.gif,ERDENEBAT Bilguunjargal,KSZ,07/03/1997,22
1209,(1613),https://cqranking.com/common/flags/ISL.gif,JONSSON David,-,13/11/2004,22
1210,(994),https://cqranking.com/common/flags/COL.gif,CASTILLO MIRANDA Kevin David,-,15/11/2001,22
1211,(-),https://cqranking.com/common/flags/BEL.gif,VANDEN EYNDE Mats,LTF,12/01/2007,22
1212,(1268),https://cqranking.com/common/flags/ESP.gif,FERNANDEZ RODRIGUEZ Sinuhe,BBH,15/06/2000,22
1213,(1316),https://cqranking.com/common/flags/LCA.gif,ALPHONSE Denver,-,14/07/2007,22
1214,(2025),https://cqranking.com/common/flags/ZIM.gif,CHIKWAKA Andrew,-,14/09/1996,22
1215,(-),https://cqranking.com/common/flags/BEL.gif,VANDEVORST Nio,APD,18/02/2006,22
1216,(-),https://cqranking.com/common/flags/USA.gif,SHERRY Gavin,EFA,11/05/2004,22
1217,(1308),https://cqranking.com/common/flags/SUR.gif,SIMSON Jorryn,-,01/06/2001,22
1218,(1574),https://cqranking.com/common/flags/MAC.gif,KAM Chin Pok,CAT,08/03/2003,22
1219,(2054),https://cqranking.com/common/flags/INA.gif,ROYAN Muhammad Andy,NCT,03/09/2003,22
1220,(-),https://cqranking.com/common/flags/CPV.gif,SOARES Eliezer,-,08/04/1995,22
1221,(942),https://cqranking.com/common/flags/NED.gif,VERHOEFF Stefan,UNI,08/03/1999,22
1222,(618),https://cqranking.com/common/flags/SLO.gif,RAVBAR Anze,FRT,11/05/2005,22
1223,(1148),https://cqranking.com/common/flags/POL.gif,GRUSZCZYNSKI Filip,MBH,13/02/2005,22
1224,(562),https://cqranking.com/common/flags/ITA.gif,MILESI Nicolas,NIA,22/07/2004,22
1225,(2402),https://cqranking.com/common/flags/AUS.gif,EATHER Kurt,CBW,24/05/2001,22
1226,(1511),https://cqranking.com/common/flags/MDA.gif,SEREMET Ilie,-,23/03/1993,22
1227,(2032),https://cqranking.com/common/flags/URU.gif,ALONSO TORRES Agustin,-,18/09/1996,22
1228,(1076),https://cqranking.com/common/flags/HON.gif,MENENDEZ PEREIRA Hector Manuel,-,01/06/2005,22
1229,(769),https://cqranking.com/common/flags/DEN.gif,FRYDKJAER Patrick Boje,LTF,19/03/2005,21
1230,(2233),https://cqranking.com/common/flags/BEL.gif,ORINS Robin,LOI,06/03/2002,21
1231,(932),https://cqranking.com/common/flags/FRA.gif,BOULET Eliott,CGF,07/09/2006,21
1232,(709),https://cqranking.com/common/flags/NED.gif,OTTEMA Rick,EEW,25/06/1992,21
1233,(585),https://cqranking.com/common/flags/HUN.gif,FELDHOFFER Balint,BVD,26/12/2005,21
1234,(1931),https://cqranking.com/common/flags/EST.gif,NISU Oskar,CAT,11/08/1994,21
1235,(904),https://cqranking.com/common/flags/CRC.gif,OSES CAMPOS Luis Daniel,-,19/11/2001,21
1236,(-),https://cqranking.com/common/flags/POR.gif,RODRIGUES Ruben Mota,BOA,06/07/2004,21
1237,(-),https://cqranking.com/common/flags/ISR.gif,RAMON Omer,NDT,05/06/2007,21
1238,(2242),https://cqranking.com/common/flags/ITA.gif,RACCAGNI Gabriele,PTV,05/02/2003,21
1239,(961),https://cqranking.com/common/flags/POR.gif,GONÇALVES Diogo Henrique Ferreira,EFP,15/05/2001,21
1240,(-),https://cqranking.com/common/flags/LUX.gif,ASTOLFI Flavio,-,25/12/2007,21
1241,(-),https://cqranking.com/common/flags/GER.gif,BEHRENS Eike,LKH,30/08/2005,21
1242,(875),https://cqranking.com/common/flags/NED.gif,VAN SINTMAARTENSDIJK Roel,LOI,08/05/2001,21
1243,(852),https://cqranking.com/common/flags/USA.gif,SWIRBUL Keegan,EFP,02/09/1995,21
1244,(-),https://cqranking.com/common/flags/GBR.gif,BRIGHT Benjamin,-,01/05/2003,21
1245,(2433),https://cqranking.com/common/flags/ITA.gif,BAMBAGIONI Tommaso,TER,27/04/2005,21
1246,(1184),https://cqranking.com/common/flags/JPN.gif,IMAMURA Shunsuke,LWD,14/02/1998,21
1247,(756),https://cqranking.com/common/flags/ITA.gif,CATALDO Lorenzo,CNM,07/11/1999,21
1248,(-),https://cqranking.com/common/flags/BEL.gif,DE KEERSMAEKER Mathias,LWD,12/03/2007,21
1249,(2090),https://cqranking.com/common/flags/GBR.gif,ROSSITER Matthew,-,25/09/1989,21
1250,(1452),https://cqranking.com/common/flags/ECU.gif,ROSERO ROJAS Nixon Efrain,BES,24/01/2002,20
1251,(-),https://cqranking.com/common/flags/SUI.gif,RUSSENBERGER Wanja,-,08/02/2003,20
1252,(2712),https://cqranking.com/common/flags/AUT.gif,POSCHACHER Valentin,HAC,12/08/2006,20
1253,(2269),https://cqranking.com/common/flags/ESP.gif,CARRASCOSA MILLER Pablo,EKP,07/10/2002,20
1254,(1225),https://cqranking.com/common/flags/ESP.gif,ARCAS PEÑA Jorge,MOV,08/07/1992,20
1255,(661),https://cqranking.com/common/flags/ITA.gif,CHESINI Cesare,MBH,11/03/2004,20
1256,(1102),https://cqranking.com/common/flags/GBR.gif,LEWIS Adam,APS,21/08/1995,20
1257,(382),https://cqranking.com/common/flags/IRI.gif,SAFARZADEH Saeid,TYD,21/09/1985,20
1258,(-),https://cqranking.com/common/flags/ESP.gif,TORRES ARIAS Jaime,UAZ,10/10/2007,20
1259,(610),https://cqranking.com/common/flags/AUT.gif,GAMPER Patrick,JAY,18/02/1997,20
1260,(1865),https://cqranking.com/common/flags/CZE.gif,ZAHALKA Stepan,KCR,03/03/2006,20
1261,(2834),https://cqranking.com/common/flags/ITA.gif,VESCO Leonardo,BIE,30/07/2005,20
1262,(2357),https://cqranking.com/common/flags/GUA.gif,CANASTUJ CALEL José David,-,12/01/1997,20
1263,(683),https://cqranking.com/common/flags/ISR.gif,TENE Rotem,NSN,30/03/2001,20
1264,(826),https://cqranking.com/common/flags/BEL.gif,GHYS Robbe,DCT,11/01/1997,20
1265,(1013),https://cqranking.com/common/flags/ITA.gif,LUCCA Riccardo,QPT,24/02/1997,20
1266,(1485),https://cqranking.com/common/flags/HKG.gif,NG Pak Hang,HKS,22/02/1999,20
1267,(832),https://cqranking.com/common/flags/FRA.gif,HOUCOU Emmanuel,PQT,14/02/2003,20
1268,(873),https://cqranking.com/common/flags/AUS.gif,DRIZNERS Jarrad,RBH,31/05/1999,20
1269,(-),https://cqranking.com/common/flags/FRA.gif,CHARRET Camille,COF,03/07/2006,20
1270,(1772),https://cqranking.com/common/flags/GER.gif,ARNDT Nikias,TBV,18/11/1991,20
1271,(2421),https://cqranking.com/common/flags/SUI.gif,AEBERSOLD Nils,EFC,15/02/2003,20
1272,(1155),https://cqranking.com/common/flags/MGL.gif,BATMUNKH Maral-Erdene,ROI,15/10/1994,20
1273,(681),https://cqranking.com/common/flags/FRA.gif,DE ROSSI Lucas,CAT,16/08/1995,20
1274,(424),https://cqranking.com/common/flags/BEL.gif,CUYLITS Mauro,LWD,23/05/2005,20
1275,(605),https://cqranking.com/common/flags/FRA.gif,GUERNALEC Victor,CIC,16/03/2000,20
1276,(1454),https://cqranking.com/common/flags/AUT.gif,STIEGER Adrian,SIC,13/07/2003,20
1277,(938),https://cqranking.com/common/flags/ARG.gif,COBARRUBIA LUCERO Leonardo Franco,-,26/03/1998,20
1278,(742),https://cqranking.com/common/flags/NZL.gif,SEXTON Tom,STG,19/11/1998,20
1279,(1152),https://cqranking.com/common/flags/ESP.gif,LEDESMA GARCIA Gerard,VCF,26/01/2003,20
1280,(-),https://cqranking.com/common/flags/BEL.gif,MELOTTE Matteo,CCA,26/04/2004,20
1281,(-),https://cqranking.com/common/flags/PHI.gif,QUITA Ronnilan,7RP,23/01/1995,19
1282,(-),https://cqranking.com/common/flags/NED.gif,PETERS Marvin,EEW,28/04/2004,19
1283,(1206),https://cqranking.com/common/flags/COL.gif,PIRA PARADA Yesid Albeiro,HIN,28/06/1999,19
1284,(2562),https://cqranking.com/common/flags/AUS.gif,SIMS Oliver,-,07/03/2006,19
1285,(2248),https://cqranking.com/common/flags/FRA.gif,BEAUNE Mavric,VCR,27/11/2001,19
1286,(2861),https://cqranking.com/common/flags/DEN.gif,NIELSEN Emil Nymand,NDT,13/04/2006,19
1287,(2426),https://cqranking.com/common/flags/MLI.gif,DIALLO Tiemoko,-,04/11/2003,19
1288,(1851),https://cqranking.com/common/flags/BEL.gif,SERVRANCKX Gauthier,SQD,07/07/2005,19
1289,(-),https://cqranking.com/common/flags/GEO.gif,KHUTSISHVILI Giorgi,-,04/09/2006,19
1290,(1362),https://cqranking.com/common/flags/MRI.gif,DE COMARMOND Aurelien,THT,03/10/2002,19
1291,(2052),https://cqranking.com/common/flags/CAY.gif,BODDEN Christopher,-,13/01/1994,19
1292,(-),https://cqranking.com/common/flags/CHI.gif,QUIROZ MARTINEZ Tomas,PPZ,07/11/2002,19
1293,(2210),https://cqranking.com/common/flags/ARG.gif,CONTTE Tomas,ALL,01/08/1998,19
1294,(1133),https://cqranking.com/common/flags/VEN.gif,VILORIA VIERAS Enmanuel David,-,11/08/2001,19
1295,(1631),https://cqranking.com/common/flags/TTO.gif,NEAVES Jadian,-,28/03/2006,19
1296,(-),https://cqranking.com/common/flags/CAN.gif,SMITH Adam,AIX,25/09/2006,19
1297,(1640),https://cqranking.com/common/flags/COL.gif,PINZON VILLALBA Edgar Andres,ESC,25/05/2001,19
1298,(2833),https://cqranking.com/common/flags/NOR.gif,HØYDAHL Jonas Kind,VLD,19/12/2005,19
1299,(1208),https://cqranking.com/common/flags/BEL.gif,SANTY Arne,TIS,20/10/2000,19
1300,(2534),https://cqranking.com/common/flags/ITA.gif,LUCCA Simone,GSC,20/09/2000,19
1301,(-),https://cqranking.com/common/flags/HUN.gif,VAS Barnabas,TUS,23/02/2006,19
1302,(1348),https://cqranking.com/common/flags/FRA.gif,RETAILLEAU Valentin,TEN,18/06/2000,19
1303,(1392),https://cqranking.com/common/flags/PUR.gif,GONZALEZ RIVERA Abner,CDF,09/10/2000,19
1304,(-),https://cqranking.com/common/flags/SRB.gif,NIKACEVIC Rastko,TUS,18/03/2007,19
1305,(-),https://cqranking.com/common/flags/BAR.gif,HUTCHINSON Liam,-,26/07/2005,19
1306,(-),https://cqranking.com/common/flags/GUA.gif,CHONAY BATZ Wilson Ottoniel,HIN,14/02/2003,19
1307,(1294),https://cqranking.com/common/flags/BOL.gif,MOYATA CRUZ Eduardo Edwin,PRC,07/02/2000,19
1308,(1423),https://cqranking.com/common/flags/BEL.gif,VAN BYLEN Liam,DCD,27/02/2005,19
1309,(1293),https://cqranking.com/common/flags/GBR.gif,MACLEOD Callum,BKC,08/03/2000,19
1310,(1519),https://cqranking.com/common/flags/GER.gif,HUPPERTZ Joshua,LKH,10/11/1994,18
1311,(1703),https://cqranking.com/common/flags/BUR.gif,YAMEOGO Saturnin,-,20/09/2001,18
1312,(1602),https://cqranking.com/common/flags/CRC.gif,VARELA ZUÑIGA Yewinson Leandro,-,06/10/1995,18
1313,(734),https://cqranking.com/common/flags/AUS.gif,MARRIAGE Zachary,NDT,12/11/2003,18
1314,(-),https://cqranking.com/common/flags/AUS.gif,WALSH Finlay,CBW,13/05/2003,18
1315,(1598),https://cqranking.com/common/flags/COL.gif,AGUIRRE CALPA Hernan Ricardo,TYD,13/12/1995,18
1316,(-),https://cqranking.com/common/flags/SWE.gif,OLARS Anton,-,31/07/2003,18
1317,(-),https://cqranking.com/common/flags/GRE.gif,KOUSIS Georgios,-,12/10/2007,18
1318,(1895),https://cqranking.com/common/flags/CMR.gif,KOSSOKO SADIKOU Jérémie,-,08/11/1998,18
1319,(1295),https://cqranking.com/common/flags/COL.gif,GUTIERREZ BALLESTEROS Carlos Alberto,TNC,25/08/1995,18
1320,(-),https://cqranking.com/common/flags/NZL.gif,HADEN Glenn,-,13/05/1983,18
1321,(-),https://cqranking.com/common/flags/FRA.gif,DESRIAC Loïc,KSZ,21/07/1989,18
1322,(1472),https://cqranking.com/common/flags/ROU.gif,PRECUP Horea-Stefan,-,08/11/2006,18
1323,(1324),https://cqranking.com/common/flags/CHI.gif,KOTSAKIS LAGOS Francisco,PPZ,02/10/1998,18
1324,(2302),https://cqranking.com/common/flags/ITA.gif,SAMBINELLO Enea,UAZ,09/02/2006,18
1325,(1520),https://cqranking.com/common/flags/RSA.gif,GIBBONS Ryan,-,13/08/1994,18
1326,(915),https://cqranking.com/common/flags/NED.gif,LEIJNSE Enzo,ACR,16/07/2001,18
1327,(1608),https://cqranking.com/common/flags/USA.gif,SCALA Jr Hugo,MAP,29/12/1997,18
1328,(-),https://cqranking.com/common/flags/IRI.gif,HOSSEINI Hadi,-,07/02/1990,18
1329,(2505),https://cqranking.com/common/flags/BEL.gif,MOLLY Kenny,VRR,24/12/1996,18
1330,(537),https://cqranking.com/common/flags/COL.gif,CALLEJAS SANTOS Edison Alejandro,ROI,25/11/2000,18
1331,(-),https://cqranking.com/common/flags/AUT.gif,FRIEDL Anatol,RBC,14/04/2007,18
1332,(-),https://cqranking.com/common/flags/ROU.gif,CARBUNAREA Andrei,-,25/04/2005,18
1333,(1344),https://cqranking.com/common/flags/VEN.gif,PINTO LACAO Luis Alfredo,-,30/11/1995,18
1334,(-),https://cqranking.com/common/flags/ITA.gif,BUDA Simone,SOA,14/08/1999,18
1335,(1419),https://cqranking.com/common/flags/IRL.gif,PEDEN George,-,09/11/1999,18
1336,(532),https://cqranking.com/common/flags/GBR.gif,WALLS Matthew,TSM,20/04/1998,18
1337,(1170),https://cqranking.com/common/flags/JPN.gif,KANEKO Sohei,-,14/11/1997,18
1338,(1892),https://cqranking.com/common/flags/KAZ.gif,CHZHAN Igor,QPT,02/10/1999,18
1339,(2525),https://cqranking.com/common/flags/FRA.gif,THEOT Hugo,-,17/08/2001,18
1340,(1333),https://cqranking.com/common/flags/SLO.gif,PETERLIN Nejc,ADR,17/08/2006,18
1341,(-),https://cqranking.com/common/flags/GBR.gif,LAVERICK Joseph,-,06/12/2000,18
1342,(-),https://cqranking.com/common/flags/DOM.gif,OGANDO REYNOSO Jonathan,-,16/07/1985,18
1343,(1462),https://cqranking.com/common/flags/BEL.gif,DOCKX Aaron,APT,28/06/2004,17
1344,(-),https://cqranking.com/common/flags/ESP.gif,UGARTE LARREA Gari,EUS,02/06/2005,17
1345,(2051),https://cqranking.com/common/flags/FRA.gif,MACE Marius,SCO,28/10/2002,17
1346,(2566),https://cqranking.com/common/flags/FRA.gif,VIDAL Victor,BAI,15/12/1998,17
1347,(-),https://cqranking.com/common/flags/FRA.gif,PIERRE Alexis,-,18/11/1998,17
1348,(1756),https://cqranking.com/common/flags/COL.gif,FERNANDEZ GONZALEZ Oscar Hernan,TNC,26/09/2000,17
1349,(2666),https://cqranking.com/common/flags/LTU.gif,ADOMAITIS Rokas,ENT,06/08/2004,17
1350,(1312),https://cqranking.com/common/flags/NED.gif,DORUSSEN Johan,MET,09/08/2003,17
1351,(2322),https://cqranking.com/common/flags/GBS.gif,CA Apolinario,-,24/12/1991,17
1352,(1310),https://cqranking.com/common/flags/DEN.gif,BIEHL Kevin,GEF,08/01/2004,17
1353,(1837),https://cqranking.com/common/flags/RSA.gif,LANGE Tyler,-,19/12/2003,17
1354,(-),https://cqranking.com/common/flags/GBR.gif,DAWSON Oliver,-,19/09/2006,17
1355,(2336),https://cqranking.com/common/flags/ESA.gif,JOYA Jose Dagoberto,-,30/06/1988,17
1356,(841),https://cqranking.com/common/flags/DEN.gif,ANDERSEN Kasper,SWT,01/07/2002,17
1357,(1276),https://cqranking.com/common/flags/BIH.gif,KARIC Vedad,SUS,06/03/1988,17
1358,(1538),https://cqranking.com/common/flags/HUN.gif,FETTER Erik,TUS,05/04/2000,17
1359,(2017),https://cqranking.com/common/flags/BOL.gif,GONZALES SOTO Freddy,-,09/11/1994,17
1360,(1585),https://cqranking.com/common/flags/UZB.gif,TAKHIROV Diyor,SAB,25/12/2005,17
1361,(1153),https://cqranking.com/common/flags/USA.gif,JOHNSON Anders,-,26/02/1998,17
1362,(1066),https://cqranking.com/common/flags/ECU.gif,HARO CRIOLLO Wilson Steven,4RF,05/01/1998,17
1363,(1878),https://cqranking.com/common/flags/KGZ.gif,MATKARIMOV Shakhrukh,-,21/08/2008,17
1364,(851),https://cqranking.com/common/flags/AUS.gif,DYBALL Benjamin,FNX,20/04/1989,17
1365,(-),https://cqranking.com/common/flags/GEO.gif,TARIELASHVILI Giorgi,-,04/11/2006,17
1366,(1197),https://cqranking.com/common/flags/NED.gif,VAN DER WERFF Thom,DPP,14/01/2005,17
1367,(1576),https://cqranking.com/common/flags/COL.gif,URIAN CARO Jose Misael,ESC,02/11/2002,17
1368,(-),https://cqranking.com/common/flags/FRA.gif,LESUEUR Louka,VCR,02/06/2004,17
1369,(291),https://cqranking.com/common/flags/GBR.gif,GEOGHEGAN HART Tao,LTK,30/03/1995,17
1370,(1081),https://cqranking.com/common/flags/BIZ.gif,WILLIAMS Cory,LLA,09/08/1993,17
1371,(669),https://cqranking.com/common/flags/ESP.gif,ALVAREZ RODRIGUEZ Rodrigo,BBH,24/08/1999,17
1372,(-),https://cqranking.com/common/flags/ESP.gif,URKAREGI SANZ Eñaut,LTF,02/04/2007,17
1373,(1220),https://cqranking.com/common/flags/CZE.gif,BOROS Michael,KCR,09/08/1992,17
1374,(-),https://cqranking.com/common/flags/BLR.gif,SLESARENKO Ilya,BIE,22/02/2007,17
1375,(845),https://cqranking.com/common/flags/SLO.gif,KOMAC Nejc,FRT,20/06/2003,17
1376,(2890),https://cqranking.com/common/flags/CHI.gif,BAEZA MUÑOZ Cristobal,PPZ,09/10/2002,17
1377,(1726),https://cqranking.com/common/flags/MNE.gif,LAZAREVIC Milos,-,08/06/1984,17
1378,(2144),https://cqranking.com/common/flags/TTO.gif,WOODS Tariq,-,15/01/2002,17
1379,(1250),https://cqranking.com/common/flags/ESA.gif,RODRIGUEZ RODRIGUEZ Brandon Ulises,-,23/03/2001,17
1380,(-),https://cqranking.com/common/flags/GRE.gif,WOODGATE Louis Joel,-,29/05/2002,17
1381,(1800),https://cqranking.com/common/flags/BOT.gif,MOKALAKE Thabiso,-,23/02/1999,17
1382,(-),https://cqranking.com/common/flags/CZE.gif,TOMAN Patrik,KCR,27/02/2005,16
1383,(2173),https://cqranking.com/common/flags/ITA.gif,GIALLI Matteo,-,25/10/2004,16
1384,(-),https://cqranking.com/common/flags/BLR.gif,BABOVICH Mikita,BVD,19/04/2007,16
1385,(2126),https://cqranking.com/common/flags/MAR.gif,BDADOU Youssef,-,18/06/2000,16
1386,(1262),https://cqranking.com/common/flags/MAR.gif,EL KOURAJI Mohcine,-,01/12/1997,16
1387,(770),https://cqranking.com/common/flags/THA.gif,SIRIRONNACHAI Sarawut,-,23/08/1992,16
1388,(2785),https://cqranking.com/common/flags/KAZ.gif,ZHUMAKAN Alisher,XAD,17/01/1997,16
1389,(1850),https://cqranking.com/common/flags/BEL.gif,GEERAERTS Ferre,TFB,11/01/2003,16
1390,(-),https://cqranking.com/common/flags/ERI.gif,BEREKET Naod,-,17/02/2007,16
1391,(1977),https://cqranking.com/common/flags/TUR.gif,AKPINAR Ahmet,KBB,02/06/2002,16
1392,(-),https://cqranking.com/common/flags/IRL.gif,FEELEY Daire,-,04/12/1996,16
1393,(1677),https://cqranking.com/common/flags/UKR.gif,SYDOR Sergiy,HST,25/10/2002,16
1394,(504),https://cqranking.com/common/flags/GBR.gif,GRANGER Ben,TFT,08/08/2000,16
1395,(1377),https://cqranking.com/common/flags/NED.gif,SOLEN Keije,LWD,27/03/2006,16
1396,(-),https://cqranking.com/common/flags/GBR.gif,O'BRIEN Finn,DPP,23/11/2007,16
1397,(1227),https://cqranking.com/common/flags/ESP.gif,RODRIGUEZ GARAICOECHEA Oscar,NCI,06/05/1995,16
1398,(1194),https://cqranking.com/common/flags/PUR.gif,MORALES FONTAN Christopher,-,05/06/2002,16
1399,(1912),https://cqranking.com/common/flags/ESP.gif,AZNAR VIJUESCA Hugo,EKP,01/12/2003,16
1400,(-),https://cqranking.com/common/flags/COL.gif,GORDILLO SANCHEZ Emerson Ronaldo,TNC,02/06/2005,16
1401,(-),https://cqranking.com/common/flags/FRA.gif,LAMBERT-WETZEL Tom,VVB,12/06/2005,16
1402,(1218),https://cqranking.com/common/flags/ERI.gif,BERHANE Natnael Teweldemedhin,IST,05/01/1991,16
1403,(-),https://cqranking.com/common/flags/CZE.gif,KADLEC Milan,KCR,27/04/2004,16
1404,(1508),https://cqranking.com/common/flags/ITA.gif,FANTINI Christian,SOA,31/10/2006,16
1405,(1450),https://cqranking.com/common/flags/CZE.gif,RIMAN Jakub,ATT,23/11/2000,16
1406,(515),https://cqranking.com/common/flags/LUX.gif,JUNGELS Bob,NCI,22/09/1992,15
1407,(-),https://cqranking.com/common/flags/IRI.gif,JAMAHISIAN GHALEHSEFIDI Amir Hossein,-,13/01/1999,15
1408,(1387),https://cqranking.com/common/flags/GER.gif,RÖBER Dominik,VBG,12/10/1999,15
1409,(1239),https://cqranking.com/common/flags/SWE.gif,MERLÖV Ville,BPC,17/03/2005,15
1410,(2378),https://cqranking.com/common/flags/HON.gif,DIAZ SORTO Christopher Jair,4RF,11/10/2002,15
1411,(711),https://cqranking.com/common/flags/GER.gif,WILKSCH Hannes,TUD,30/10/2001,15
1412,(757),https://cqranking.com/common/flags/ITA.gif,EPIS Giosué,-,04/03/2002,15
1413,(1899),https://cqranking.com/common/flags/BEN.gif,ATTAI Kocou Corneil,-,06/03/2002,15
1414,(2265),https://cqranking.com/common/flags/FRA.gif,MARCEROU Nicola,TEN,23/09/2002,15
1415,(1572),https://cqranking.com/common/flags/DMA.gif,BARON Kohath,-,10/10/2002,15
1416,(1952),https://cqranking.com/common/flags/BEL.gif,BELMANS Lennert,APT,15/02/2002,15
1417,(988),https://cqranking.com/common/flags/GUA.gif,VASQUEZ VASQUEZ Juan Mardoqueo,HIN,19/06/1995,15
1418,(-),https://cqranking.com/common/flags/ANG.gif,GONÇALVES Jorge,-,18/01/2006,15
1419,(2056),https://cqranking.com/common/flags/USA.gif,MOORE Viggo,TIR,08/05/2004,15
1420,(-),https://cqranking.com/common/flags/EGY.gif,ELSAID Omar,-,26/06/2005,15
1421,(-),https://cqranking.com/common/flags/BAH.gif,JONES Rowshan,-,11/12/1982,15
1422,(1580),https://cqranking.com/common/flags/ESP.gif,DIAZ ALVAREZ Alex,CJR,28/07/2001,15
1423,(-),https://cqranking.com/common/flags/BEL.gif,JACQUES Lucas,CCA,28/05/2003,15
1424,(1162),https://cqranking.com/common/flags/SUI.gif,TISSIERES Arnaud,EFC,14/05/1996,15
1425,(1083),https://cqranking.com/common/flags/FRA.gif,GUEGAN Maël,CIC,19/01/1998,15
1426,(1468),https://cqranking.com/common/flags/UKR.gif,HOVORUN Bohdan,CTU,11/03/2005,15
1427,(-),https://cqranking.com/common/flags/AUS.gif,MILOSTIC Lindon,STG,28/10/2006,15
1428,(-),https://cqranking.com/common/flags/NAM.gif,SUREN Roger,-,15/09/2007,15
1429,(1214),https://cqranking.com/common/flags/CAN.gif,RAMSAY Noah,APD,15/12/2002,15
1430,(1564),https://cqranking.com/common/flags/ARG.gif,KALEJMAN QUIROGA Mateo,-,14/09/2004,15
1431,(-),https://cqranking.com/common/flags/USA.gif,MCBIRNEY Tim,PEC,06/08/1998,15
1432,(1764),https://cqranking.com/common/flags/CZE.gif,BARTA Martin,ATT,22/05/2005,15
1433,(1727),https://cqranking.com/common/flags/CIV.gif,CISSE Issiaka,-,20/09/1991,15
1434,(-),https://cqranking.com/common/flags/KEN.gif,WAIRIMU Kamau Peterson,-,18/09/2002,15
1435,(967),https://cqranking.com/common/flags/MAR.gif,AIT EL ABDIA Anass,-,21/03/1993,15
1436,(-),https://cqranking.com/common/flags/IRI.gif,SEYED GHALICHI Seyed Milad Mohammad,-,11/12/1986,15
1437,(-),https://cqranking.com/common/flags/RUS.gif,BEREZNYAK Aleksandr,CDT,05/11/2001,15
1438,(2187),https://cqranking.com/common/flags/ESP.gif,LOZANO RIBA David,TNN,21/12/1988,15
1439,(685),https://cqranking.com/common/flags/GBR.gif,STEWART Mark,MAP,25/08/1995,15
1440,(2071),https://cqranking.com/common/flags/CYP.gif,ACHAS Christodoulos,-,03/09/2005,15
1441,(1009),https://cqranking.com/common/flags/NZL.gif,ROBERTS Reef,CGF,20/12/2006,15
1442,(1198),https://cqranking.com/common/flags/MRI.gif,RABOUDE Jeremy,-,27/10/2005,15
1443,(1445),https://cqranking.com/common/flags/GUY.gif,JOHN Briton,-,16/01/2000,15
1444,(1236),https://cqranking.com/common/flags/DEN.gif,HAUGSTED Conrad,TCQ,13/01/2005,15
1445,(-),https://cqranking.com/common/flags/BEL.gif,DE BOCK Aless,APD,04/07/2006,15
1446,(792),https://cqranking.com/common/flags/EST.gif,LAUK Karl Patrick,CDT,09/01/1997,15
1447,(-),https://cqranking.com/common/flags/ZAM.gif,PUTEHO Gift,-,23/02/2005,15
1448,(-),https://cqranking.com/common/flags/LBN.gif,ALASMAR Khalil,-,09/10/1982,15
1449,(1723),https://cqranking.com/common/flags/ETH.gif,DEBAY Filimon Zerabruk,-,29/01/2001,15
1450,(2387),https://cqranking.com/common/flags/LAO.gif,MILAKONG Ananxay,-,27/09/1993,15
1451,(-),https://cqranking.com/common/flags/GBS.gif,CA Elias,-,10/05/1993,15
1452,(1725),https://cqranking.com/common/flags/JOR.gif,ALREJJAL Mo'men Abed Alhakeem,-,12/08/1997,15
1453,(1111),https://cqranking.com/common/flags/NED.gif,AGRICOLA Danijel,MET,15/02/2006,15
1454,(-),https://cqranking.com/common/flags/IRI.gif,MIRBAGHERI Seyyed Mohammad Nabi,STC,14/04/2007,15
1455,(-),https://cqranking.com/common/flags/ARG.gif,JUAREZ Daniel Omar,-,14/03/1988,15
1456,(-),https://cqranking.com/common/flags/MNE.gif,LUKOVIC Danilo,-,04/05/2005,15
1457,(-),https://cqranking.com/common/flags/SLO.gif,PRITRZNIK Jon,PGL,26/12/2006,15
1458,(1549),https://cqranking.com/common/flags/SWZ.gif,JELE Kwanele,-,18/06/2000,15
1459,(2020),https://cqranking.com/common/flags/LTU.gif,KMIELIAUSKAS Rokas,ENT,22/08/2000,15
1460,(1497),https://cqranking.com/common/flags/ERI.gif,MEDHANIE Natan,-,01/02/2000,15
1461,(-),https://cqranking.com/common/flags/BUL.gif,TRENCHEV Kristiyan,-,04/12/1996,15
1462,(-),https://cqranking.com/common/flags/CRO.gif,TOMIC Ivan Luka,-,22/06/2005,15
1463,(-),https://cqranking.com/common/flags/PER.gif,NAVARRO CALLE Royner Grover,-,01/08/1992,15
1464,(-),https://cqranking.com/common/flags/DOM.gif,RAMOS VARGAS Alberto Rafael,-,26/05/1992,15
1465,(1664),https://cqranking.com/common/flags/MAS.gif,ZARIFF Muhammad Nur Aiman,TSG,01/10/1997,15
1466,(983),https://cqranking.com/common/flags/GBR.gif,SMITH William,VLD,21/03/2004,15
1467,(1173),https://cqranking.com/common/flags/BEL.gif,VANDEPUTTE Niels,APD,19/09/2000,15
1468,(-),https://cqranking.com/common/flags/JAM.gif,FRANCIS Khalil,-,20/08/2007,15
1469,(2355),https://cqranking.com/common/flags/FRA.gif,AVOINE Kévin,VRR,14/11/1997,15
1470,(-),https://cqranking.com/common/flags/SEN.gif,MEUNIER SOW Neriah,-,24/04/2005,15
1471,(1515),https://cqranking.com/common/flags/MKD.gif,PETROVSKI Stefan,-,02/11/1991,15
1472,(-),https://cqranking.com/common/flags/NED.gif,VISSER Guillaume,EEW,23/07/2000,15
1473,(-),https://cqranking.com/common/flags/GBR.gif,TANFIELD Charlie,-,17/11/1996,15
1474,(990),https://cqranking.com/common/flags/COL.gif,ARDILA ORDOÑEZ Andres Camilo,TNC,02/06/1999,15
1475,(-),https://cqranking.com/common/flags/SWE.gif,KARLSSON Anton,-,27/05/2007,15
1476,(-),https://cqranking.com/common/flags/SRB.gif,DAVIDOV Igor,-,09/10/2007,15
1477,(1471),https://cqranking.com/common/flags/ISR.gif,EDINGER Roei,NDT,09/05/2006,15
1478,(-),https://cqranking.com/common/flags/CHN.gif,WANG Kuicheng,BDR,22/07/2000,15
1479,(1381),https://cqranking.com/common/flags/HKG.gif,LAU Wan Yau Vincent,ROI,23/09/1996,15
1480,(1303),https://cqranking.com/common/flags/LES.gif,MAKATILE Kabelo,-,21/03/2003,15
1481,(-),https://cqranking.com/common/flags/HUN.gif,HANCZ Tamas,-,15/04/2006,14
1482,(-),https://cqranking.com/common/flags/ITA.gif,BONOMETTI Michele,-,11/01/2006,14
1483,(996),https://cqranking.com/common/flags/GER.gif,KESSLER Bruno,TUU,09/09/2005,14
1484,(1406),https://cqranking.com/common/flags/ALB.gif,VELIA Olsian,SUS,20/01/1994,14
1485,(1742),https://cqranking.com/common/flags/HKG.gif,CHU Tsun Wai,HKS,09/07/2001,14
1486,(-),https://cqranking.com/common/flags/UKR.gif,ZOZULIA Andrii,CTU,28/06/2004,14
1487,(1103),https://cqranking.com/common/flags/SRB.gif,ILIC Ognjen,BUB,21/11/1998,14
1488,(1302),https://cqranking.com/common/flags/MLT.gif,BUTTIGIEG Aidan,PTV,18/07/1997,14
1489,(1997),https://cqranking.com/common/flags/ANT.gif,MARSH Robert Frances,-,20/12/1968,14
1490,(1836),https://cqranking.com/common/flags/ROU.gif,HARASIM Mihnea-Alexandru,TSL,28/04/2004,14
1491,(1396),https://cqranking.com/common/flags/ALB.gif,KLOPPENBORG Lukas Sulaj,SUS,09/12/2001,14
1492,(1599),https://cqranking.com/common/flags/NAM.gif,FREYER Martin,-,04/10/1995,14
1493,(1321),https://cqranking.com/common/flags/FRA.gif,RAUGEL Antoine,VRR,14/02/1999,14
1494,(2106),https://cqranking.com/common/flags/EST.gif,RÄIM Mihkel,QPT,03/07/1993,14
1495,(1882),https://cqranking.com/common/flags/LCA.gif,ESNARD Fidel,-,25/02/1978,14
1496,(-),https://cqranking.com/common/flags/FRA.gif,FERREIRA Louis,ACR,09/08/2000,14
1497,(1393),https://cqranking.com/common/flags/MAR.gif,ED DOGHMY Achraf,-,19/11/1999,14
1498,(862),https://cqranking.com/common/flags/ESP.gif,GARCIA SORIANO Jose Maria,MRT,17/11/1998,14
1499,(1279),https://cqranking.com/common/flags/VIN.gif,BAILEY Zefal Trevor,-,30/09/1996,14
1500,(-),https://cqranking.com/common/flags/ROU.gif,CAZACEANU Tudor,-,05/02/2000,14
1501,(1524),https://cqranking.com/common/flags/UZB.gif,ROSTOVTSEV Sergey,BCS,02/06/1997,14
1502,(-),https://cqranking.com/common/flags/ITA.gif,NEMBRINI Diego,GEF,16/04/2006,14
1503,(1438),https://cqranking.com/common/flags/JAM.gif,RAMSAY Andrew,-,24/09/1998,14
1504,(1201),https://cqranking.com/common/flags/JOR.gif,ABU HARRAH Majid Basim,-,12/07/1996,14
1505,(-),https://cqranking.com/common/flags/USA.gif,KREIKEMEIER Kade,MUZ,05/07/2004,14
1506,(2799),https://cqranking.com/common/flags/DEN.gif,HANSEN Tobias Aagaard,TCQ,10/03/2002,14
1507,(2158),https://cqranking.com/common/flags/ITA.gif,MARTINI Marco,TER,30/06/2005,14
1508,(1477),https://cqranking.com/common/flags/IRI.gif,ARIYAN Behnam,-,11/04/1990,14
1509,(949),https://cqranking.com/common/flags/BEL.gif,MEENS Johan,AAR,07/07/1999,14
1510,(2672),https://cqranking.com/common/flags/EGY.gif,METAWEA Mahmoud,-,04/06/2002,14
1511,(441),https://cqranking.com/common/flags/ESP.gif,OKAMIKA BENGOETXEA Ander,BBH,02/04/1993,14
1512,(1710),https://cqranking.com/common/flags/KOS.gif,KASTRATI Albion,CLN,28/09/2003,14
1513,(1326),https://cqranking.com/common/flags/BUR.gif,RAWENDE Moucaila,-,00/00/1997,14
1514,(-),https://cqranking.com/common/flags/POL.gif,LATKOWSKI Dawid,VOS,18/11/2005,14
1515,(2297),https://cqranking.com/common/flags/BRA.gif,SANTOS Vinicius Silva,-,30/07/2004,14
1516,(-),https://cqranking.com/common/flags/KEN.gif,KIMANI Evan Wangai,-,08/02/1996,14
1517,(-),https://cqranking.com/common/flags/ESP.gif,CUBILLAS SALVADOR Javier,MOY,28/02/2007,13
1518,(2397),https://cqranking.com/common/flags/DEN.gif,LYSGAARD Boas,BPC,22/11/2004,13
1519,(2325),https://cqranking.com/common/flags/VEN.gif,GALVIZ GARCIA Carlos Johan,-,27/10/1988,13
1520,(474),https://cqranking.com/common/flags/NED.gif,MEIJERS Jeroen,VSC,12/01/1993,13
1521,(753),https://cqranking.com/common/flags/AUS.gif,MONK Cyrus,FNX,07/11/1996,13
1522,(1939),https://cqranking.com/common/flags/CZE.gif,BARTA Tomas,IST,28/04/1999,13
1523,(-),https://cqranking.com/common/flags/RUS.gif,IVANOV Viacheslav,CDF,01/08/2002,13
1524,(-),https://cqranking.com/common/flags/POL.gif,HELTA Filip,MSP,04/09/1997,13
1525,(-),https://cqranking.com/common/flags/BEL.gif,BELLENS Jarno,BPL,18/07/2000,13
1526,(833),https://cqranking.com/common/flags/RUS.gif,SHICHKIN Vlas,-,25/01/2002,13
1527,(2310),https://cqranking.com/common/flags/BUR.gif,ILBOUDO Soumaila,-,16/08/2004,13
1528,(-),https://cqranking.com/common/flags/VEN.gif,GOYO PIÑA Jesus Miguel,-,14/07/2004,13
1529,(-),https://cqranking.com/common/flags/ITA.gif,CRESCIOLI Giosue,-,20/04/2001,13
1530,(1205),https://cqranking.com/common/flags/SVK.gif,KASKO David,DKB,24/04/1997,13
1531,(1887),https://cqranking.com/common/flags/COL.gif,GIL SANCHEZ Angel Alexander,GES,25/09/1992,13
1532,(1361),https://cqranking.com/common/flags/BEL.gif,WOUTERS Rutger,-,10/08/1991,13
1533,(-),https://cqranking.com/common/flags/GBR.gif,TARLING Finlay,NDT,02/10/2006,13
1534,(-),https://cqranking.com/common/flags/NED.gif,UPTEGROVE Ed,EEW,10/10/2005,13
1535,(-),https://cqranking.com/common/flags/GER.gif,BRENNER Mauro,RRN,01/09/2004,13
1536,(2078),https://cqranking.com/common/flags/NOR.gif,DAHL Marius Innhaug,DCD,19/05/2006,13
1537,(-),https://cqranking.com/common/flags/USA.gif,SHELTON Noah,PEC,29/08/2006,13
1538,(-),https://cqranking.com/common/flags/FRA.gif,BODET Vincent,VDU,11/06/2005,13
1539,(889),https://cqranking.com/common/flags/AUS.gif,AGNOLETTO Blake,CGF,21/10/2002,13
1540,(-),https://cqranking.com/common/flags/GBR.gif,KIMBER George,-,10/11/1999,13
1541,(-),https://cqranking.com/common/flags/GBR.gif,BRAND Sam,TNN,27/02/1991,13
1542,(1968),https://cqranking.com/common/flags/ITA.gif,MENGHINI Alessio,TER,03/12/2004,13
1543,(-),https://cqranking.com/common/flags/DEN.gif,BUGGE Markus Klitgaard,-,06/05/1999,13
1544,(1269),https://cqranking.com/common/flags/BIZ.gif,GONZALEZ Jyven,LLA,23/03/2002,13
1545,(1115),https://cqranking.com/common/flags/FRA.gif,MANZIN Lorrenzo,TEN,26/07/1994,13
1546,(-),https://cqranking.com/common/flags/POL.gif,SURDYK Filip,-,16/01/2005,13
1547,(2176),https://cqranking.com/common/flags/ITA.gif,FERRARO Santiago,BCS,20/09/2006,13
1548,(992),https://cqranking.com/common/flags/CHI.gif,QUINTANA VIDAL Hector Exequiel,PPZ,12/05/2002,12
1549,(2073),https://cqranking.com/common/flags/HON.gif,PAVON CANO Ruben Sebastian,4RF,30/05/2005,12
1550,(-),https://cqranking.com/common/flags/MDA.gif,ZAGAREANU Dumitru,-,02/11/1983,12
1551,(1970),https://cqranking.com/common/flags/DEN.gif,TOFTEMARK Lucas Maarfelt,GSH,10/07/2004,12
1552,(2029),https://cqranking.com/common/flags/AUT.gif,STEININGER Fabian,SIC,12/09/2000,12
1553,(-),https://cqranking.com/common/flags/PAN.gif,RUIZ CHAVEZ Bredio Dario,-,25/07/2001,12
1554,(-),https://cqranking.com/common/flags/RSA.gif,DA SILVA Tiano,THT,17/04/2001,12
1555,(2318),https://cqranking.com/common/flags/NED.gif,DEN BRABER Simon,-,19/02/2001,12
1556,(1984),https://cqranking.com/common/flags/ITA.gif,ZANUTTA David,XAD,05/01/2006,12
1557,(1460),https://cqranking.com/common/flags/GBR.gif,GOLLIKER Joshua,EFA,23/03/2004,12
1558,(1365),https://cqranking.com/common/flags/NED.gif,DUBA Maxime,AVV,02/10/2004,12
1559,(-),https://cqranking.com/common/flags/GUY.gif,GREENE Andre,-,22/06/1996,12
1560,(-),https://cqranking.com/common/flags/KAZ.gif,ALIK Batyrkhan,ALM,09/05/2006,12
1561,(1275),https://cqranking.com/common/flags/SLO.gif,MERNIK Sven Aleksander,VLD,14/06/2006,12
1562,(-),https://cqranking.com/common/flags/CRC.gif,CASTRO CASTRO Sebastian,MOY,02/01/2007,12
1563,(1139),https://cqranking.com/common/flags/FRA.gif,MAHOUDO Nolann,-,17/11/2002,12
1564,(-),https://cqranking.com/common/flags/ECU.gif,CAICEDO ROMO Pablo Andres,-,14/10/1986,12
1565,(-),https://cqranking.com/common/flags/FRA.gif,DOLTAIRE Alex,VDU,15/05/2007,12
1566,(-),https://cqranking.com/common/flags/NOR.gif,EVERTSEN-HEGREBERG Simen,LUC,23/03/2004,12
1567,(1052),https://cqranking.com/common/flags/CAN.gif,WALTON Jonas,CIC,08/03/2004,12
1568,(-),https://cqranking.com/common/flags/CHN.gif,MENG Shude,CNM,04/10/2001,12
1569,(1545),https://cqranking.com/common/flags/CHN.gif,XUE Ming,LNS,17/03/2000,12
1570,(1731),https://cqranking.com/common/flags/NED.gif,VAN SCHIP Jan-Willem,AVV,20/08/1994,12
1571,(2343),https://cqranking.com/common/flags/GUA.gif,TOC XON Gerson Victoriano,-,07/03/1995,12
1572,(1311),https://cqranking.com/common/flags/CRO.gif,GOJKOVIC Nicolas,PGL,26/06/2004,12
1573,(1578),https://cqranking.com/common/flags/BEL.gif,VAN DEN BOER Seppe,TUU,28/11/2005,12
1574,(-),https://cqranking.com/common/flags/ARG.gif,SOSA Jorge Adrian,-,25/05/1981,12
1575,(2445),https://cqranking.com/common/flags/ERI.gif,HAYELOM Samuel,-,23/02/2005,12
1576,(-),https://cqranking.com/common/flags/IRI.gif,AGHAKASHI Mahdi,-,27/10/2002,12
1577,(727),https://cqranking.com/common/flags/FRA.gif,JOUSSEAUME Alan,TEN,03/08/1998,12
1578,(-),https://cqranking.com/common/flags/GBR.gif,LEE Thomas,-,22/12/2000,12
1579,(1900),https://cqranking.com/common/flags/AZE.gif,NURIYEV Nofal,-,25/04/2003,12
1580,(767),https://cqranking.com/common/flags/CZE.gif,CERNY Josef,KCR,11/05/1993,12
1581,(509),https://cqranking.com/common/flags/ECU.gif,PITA BOLAÑOS Cristian David,ROI,06/02/1995,12
1582,(1158),https://cqranking.com/common/flags/BER.gif,WHITE Conor,-,19/10/1999,12
1583,(2114),https://cqranking.com/common/flags/GRE.gif,VILA Emiliano,-,04/07/1997,12
1584,(-),https://cqranking.com/common/flags/MAC.gif,KOK Mun Wa,-,31/08/1990,12
1585,(2528),https://cqranking.com/common/flags/IRL.gif,O'CONNOR Ronan,APS,10/09/2003,12
1586,(-),https://cqranking.com/common/flags/POL.gif,KACZOROWSKI Franciszek,MSP,14/02/2004,12
1587,(-),https://cqranking.com/common/flags/ROU.gif,TOADER Alin,FNX,04/12/2004,12
1588,(2801),https://cqranking.com/common/flags/GER.gif,CZASA Moritz,-,03/06/2002,12
1589,(2523),https://cqranking.com/common/flags/NED.gif,NAT Joost,BCY,29/01/2002,12
1590,(2622),https://cqranking.com/common/flags/ISL.gif,JONSSON Kristinn,TGS,06/03/2000,12
1591,(2634),https://cqranking.com/common/flags/ITA.gif,DIGNANI Filippo,IPD,25/01/2002,12
1592,(1179),https://cqranking.com/common/flags/ISR.gif,PERETZ HARDEBALL Matar,NDT,06/10/2005,12
1593,(-),https://cqranking.com/common/flags/DEN.gif,SKOT-HANSEN Aksel Bech,TGS,11/06/2000,12
1594,(1537),https://cqranking.com/common/flags/FRA.gif,BEZZA Quentin,SCO,24/03/1998,12
1595,(-),https://cqranking.com/common/flags/NED.gif,VAN KLEEF Mark,-,04/01/2006,12
1596,(2858),https://cqranking.com/common/flags/NZL.gif,HOLLAMBY Noah,-,07/08/2006,12
1597,(-),https://cqranking.com/common/flags/KEN.gif,KIPLAGAT Cornelius Kipkemboi,-,17/09/1996,12
1598,(449),https://cqranking.com/common/flags/CAN.gif,WOODS Michael,-,12/10/1986,12
1599,(1767),https://cqranking.com/common/flags/JOR.gif,ALMAYYAS Mohammad Khaled,-,02/10/2002,12
1600,(1347),https://cqranking.com/common/flags/NZL.gif,HORNBLOW Keegan,NZP,25/10/2001,12
1601,(2484),https://cqranking.com/common/flags/SWE.gif,KÄLL Rasmus,-,21/10/2003,12
1602,(1935),https://cqranking.com/common/flags/JPN.gif,MAGOSAKI Daiki,VCH,18/07/1996,12
1603,(2837),https://cqranking.com/common/flags/AUT.gif,FEURSTEIN Kilian,VBG,06/06/2003,12
1604,(929),https://cqranking.com/common/flags/BEL.gif,OOSTERLINCK Joes,VRR,22/05/2003,11
1605,(1069),https://cqranking.com/common/flags/COL.gif,LOPEZ MORENO Juan Carlos,GES,25/03/2001,11
1606,(1307),https://cqranking.com/common/flags/FRA.gif,VEDEL Gabin,-,26/12/2002,11
1607,(1389),https://cqranking.com/common/flags/POR.gif,PINTO Pedro Henrique Monteiro,EFP,05/11/2000,11
1608,(1040),https://cqranking.com/common/flags/RSA.gif,DOWNES Brandon,TPC,12/03/1991,11
1609,(-),https://cqranking.com/common/flags/KGZ.gif,SAFRONOV Kirill,-,06/06/2009,11
1610,(-),https://cqranking.com/common/flags/BEL.gif,DE CLERCK Niels,-,01/06/2004,11
1611,(2494),https://cqranking.com/common/flags/NED.gif,WEMMERS Thijs,-,17/10/2005,11
1612,(-),https://cqranking.com/common/flags/FRA.gif,LEBOUCHER Anatole,VCR,18/11/2002,11
1613,(1342),https://cqranking.com/common/flags/COL.gif,CASTAÑO MUÑOZ Sebastian Alexander,ESC,12/05/1997,11
1614,(-),https://cqranking.com/common/flags/ESP.gif,VILLATE MOMEÑE Ibai,MOY,29/11/2007,11
1615,(-),https://cqranking.com/common/flags/JAM.gif,KHOURI Simon,-,24/09/1999,11
1616,(-),https://cqranking.com/common/flags/USA.gif,ROSS Kent,-,02/12/1996,11
1617,(2005),https://cqranking.com/common/flags/ISL.gif,OMARSSON Ingvar,-,13/04/1989,11
1618,(-),https://cqranking.com/common/flags/ANG.gif,SILVA Igor Alberto Secundino,-,22/10/1984,11
1619,(1672),https://cqranking.com/common/flags/JPN.gif,TANI Junsei,ABZ,04/08/1994,11
1620,(-),https://cqranking.com/common/flags/LAO.gif,PHOMSOUVANH Thepphasith,-,24/05/2003,11
1621,(1522),https://cqranking.com/common/flags/JPN.gif,YAMAMOTO Masaki,VCF,08/01/1996,11
1622,(-),https://cqranking.com/common/flags/ITA.gif,GAMBA Thomas,GEF,15/05/2006,11
1623,(2425),https://cqranking.com/common/flags/ITA.gif,FIORIN Matteo,SOA,14/06/2005,11
1624,(2014),https://cqranking.com/common/flags/PUR.gif,REYES ACEVEDO Elvys Noel,-,27/01/1995,11
1625,(1630),https://cqranking.com/common/flags/KGZ.gif,SHAPILOV Artem,-,24/10/2002,11
1626,(878),https://cqranking.com/common/flags/USA.gif,KESSLER Cole,MAP,20/05/2003,11
1627,(2863),https://cqranking.com/common/flags/FRA.gif,HABERT Axel,-,02/04/1998,11
1628,(1106),https://cqranking.com/common/flags/EST.gif,PAJUR Markus,FNX,23/09/2000,11
1629,(1955),https://cqranking.com/common/flags/NED.gif,REINDERINK Joris,-,11/10/2003,11
1630,(-),https://cqranking.com/common/flags/ITA.gif,ROSATO Giacomo,BVD,11/12/2007,11
1631,(1414),https://cqranking.com/common/flags/SLO.gif,BAVEC Timotej,-,20/06/1999,11
1632,(-),https://cqranking.com/common/flags/NED.gif,VAN DEN BERG Maarten,-,10/05/1994,11
1633,(1224),https://cqranking.com/common/flags/COL.gif,SANCHEZ VERGARA Brayan Stiven,MED,03/06/1994,11
1634,(2599),https://cqranking.com/common/flags/GER.gif,GROSS Felix,-,04/09/1998,11
1635,(-),https://cqranking.com/common/flags/BEL.gif,ROMMELAERE Iben,TIS,11/12/2004,11
1636,(1525),https://cqranking.com/common/flags/NOR.gif,HOLSTAD Ludvik Aspelund,RSK,01/08/1998,11
1637,(-),https://cqranking.com/common/flags/FRA.gif,TROUVAIN Alexandre,DPP,05/07/2007,11
1638,(2379),https://cqranking.com/common/flags/GUA.gif,SAM POZ Edwin,-,19/11/2001,11
1639,(2719),https://cqranking.com/common/flags/NED.gif,VAN DER WAL Rik,EEW,02/10/2003,11
1640,(-),https://cqranking.com/common/flags/BLR.gif,SHPAKOUSKI Viachaslau,-,03/10/2004,11
1641,(-),https://cqranking.com/common/flags/LBN.gif,KALLAS Mark,-,20/03/1989,11
1642,(1638),https://cqranking.com/common/flags/NED.gif,STRAVERS Jarri,UNI,03/04/1997,11
1643,(1617),https://cqranking.com/common/flags/NOR.gif,LITLERE Sverre,RRS,03/02/2003,11
1644,(1975),https://cqranking.com/common/flags/MEX.gif,PRIETO DE LUNA Jose Antonio,-,01/01/2004,11
1645,(-),https://cqranking.com/common/flags/USA.gif,MARTIN Nathaniel,-,30/07/2000,11
1646,(2730),https://cqranking.com/common/flags/ITA.gif,DE LONGHI Lorenzo,CMP,03/07/2006,11
1647,(2365),https://cqranking.com/common/flags/PHI.gif,PAREJA Nichol Blanca,VSC,10/08/2000,11
1648,(800),https://cqranking.com/common/flags/AUS.gif,CLARKE Simon,-,18/07/1986,10
1649,(2478),https://cqranking.com/common/flags/DOM.gif,DEL ROSARIO FELIX Juan Carlos,-,18/08/2003,10
1650,(-),https://cqranking.com/common/flags/SEN.gif,SOW Nar,-,02/01/1997,10
1651,(1264),https://cqranking.com/common/flags/POL.gif,VAN DER TUUK Danny,EUS,05/11/1999,10
1652,(1735),https://cqranking.com/common/flags/NED.gif,JAKOBSEN Fabio,TVL,31/08/1996,10
1653,(2231),https://cqranking.com/common/flags/FRA.gif,CHAUSSINAND Joris,CIC,26/02/2002,10
1654,(-),https://cqranking.com/common/flags/ESP.gif,AGUIRRE SUBIJANA Yago,EUS,30/08/2004,10
1655,(-),https://cqranking.com/common/flags/MKD.gif,MARKOVSKI Kiril,-,25/05/1998,10
1656,(-),https://cqranking.com/common/flags/ITA.gif,BOSCARO Davide,PAD,13/07/2000,10
1657,(2294),https://cqranking.com/common/flags/FRA.gif,CHALEIL Louis,DCD,21/02/2006,10
1658,(-),https://cqranking.com/common/flags/FIN.gif,ÖVERMARK Riku,-,26/01/1989,10
1659,(1402),https://cqranking.com/common/flags/KGZ.gif,MATKARIMOV Mukhammed Ali,BCT,29/07/2005,10
1660,(2083),https://cqranking.com/common/flags/PHI.gif,LIM Nash Joshua,FRT,01/09/2002,10
1661,(1480),https://cqranking.com/common/flags/CAN.gif,GERVAIS Laurent,PEC,03/11/1997,10
1662,(-),https://cqranking.com/common/flags/NED.gif,SCHOUREN Jip,-,21/06/2007,10
1663,(-),https://cqranking.com/common/flags/INA.gif,KUSUMA Terry Yudha,JPC,14/03/1999,10
1664,(1625),https://cqranking.com/common/flags/URU.gif,PEREZ ALVAREZ Ciro,AIX,20/03/2005,10
1665,(997),https://cqranking.com/common/flags/USA.gif,SHELTON Marcis,CER,30/06/2004,10
1666,(2177),https://cqranking.com/common/flags/ZAM.gif,KASHIMOTO Richard,-,25/10/2006,10
1667,(2678),https://cqranking.com/common/flags/USA.gif,KILLY Jonah,TIS,01/05/2003,10
1668,(-),https://cqranking.com/common/flags/CRO.gif,BOSNJAK Fran,-,12/09/2003,10
1669,(1965),https://cqranking.com/common/flags/ITA.gif,POLGA Antonio,TNN,26/03/1999,10
1670,(-),https://cqranking.com/common/flags/MLI.gif,CISSE Fidèle,-,14/11/2006,10
1671,(-),https://cqranking.com/common/flags/SEY.gif,POOL Julian,-,08/03/1999,10
1672,(596),https://cqranking.com/common/flags/SLO.gif,VALJAVEC Erazem,SQD,18/08/2006,10
1673,(1547),https://cqranking.com/common/flags/POL.gif,MAJEWSKI Kacper,LPP,24/06/2002,10
1674,(-),https://cqranking.com/common/flags/AUS.gif,WAITES Thomas,STG,01/03/2007,10
1675,(-),https://cqranking.com/common/flags/BUL.gif,SHIVIKOV Koycho,-,09/01/1990,10
1676,(2793),https://cqranking.com/common/flags/ARG.gif,BUCHANAN Franco,-,06/11/1992,10
1677,(-),https://cqranking.com/common/flags/ZIM.gif,SIBANDA Lizwilenkosi,-,11/06/2001,10
1678,(-),https://cqranking.com/common/flags/ECU.gif,CAIZA PEREZ Erik Daniel,-,18/01/2002,10
1679,(-),https://cqranking.com/common/flags/LAO.gif,PHAPHO Volavath,-,04/08/1990,10
1680,(-),https://cqranking.com/common/flags/PUR.gif,RODRIGUEZ MORALES Angel,-,02/11/2006,10
1681,(1665),https://cqranking.com/common/flags/BRA.gif,SESSLER Nicolas Mariotto,VSC,29/04/1994,10
1682,(1323),https://cqranking.com/common/flags/ITA.gif,BORTOLUZZI Giovanni,GEF,03/11/2002,10
1683,(-),https://cqranking.com/common/flags/CHN.gif,YU Yuanfeng,CAT,27/03/2001,10
1684,(1673),https://cqranking.com/common/flags/BEL.gif,VANGHELUWE Warre,SOQ,23/07/2001,10
1685,(-),https://cqranking.com/common/flags/SIN.gif,YIP Ga Cheng,-,19/09/2007,10
1686,(965),https://cqranking.com/common/flags/BEL.gif,DE BUYST Jasper,LOI,24/11/1993,10
1687,(2651),https://cqranking.com/common/flags/COL.gif,RICO LEMUS Cristian David,TNC,29/06/2001,10
1688,(-),https://cqranking.com/common/flags/IRL.gif,O'BRIEN Killian,TSL,04/04/2006,10
1689,(2333),https://cqranking.com/common/flags/PER.gif,QUISPE COLQUE Alain Rossbel,-,04/02/1994,10
1690,(341),https://cqranking.com/common/flags/AUT.gif,HAJEK Alexander,RBH,19/07/2003,10
1691,(1502),https://cqranking.com/common/flags/GER.gif,BEHRENS Niklas,TVL,06/11/2003,10
1692,(1894),https://cqranking.com/common/flags/ITA.gif,PINAZZI Mattia,BCS,04/04/2001,10
1693,(787),https://cqranking.com/common/flags/NED.gif,VAN DER HOORN Taco,LOI,04/12/1993,10
1694,(-),https://cqranking.com/common/flags/VEN.gif,MENDEZ CARRERO Arlex Jose,-,27/07/2005,10
1695,(906),https://cqranking.com/common/flags/ITA.gif,AGOSTINACCHIO Filippo,BIE,26/04/2003,10
1696,(746),https://cqranking.com/common/flags/DEN.gif,WALLIN Rasmus Bøgh,-,02/01/1996,10
1697,(2304),https://cqranking.com/common/flags/THA.gif,SUPAN Aphisit,TCC,26/08/2006,10
1698,(-),https://cqranking.com/common/flags/ANG.gif,RODRIGUES Kilson,-,13/02/2007,10
1699,(-),https://cqranking.com/common/flags/JPN.gif,YAMAMOTO Tetsuo,TUK,17/03/2000,10
1700,(2074),https://cqranking.com/common/flags/BIH.gif,MAHMUTOVIC Amir,-,04/09/1984,10
1701,(-),https://cqranking.com/common/flags/BRA.gif,ALMEIDA Luiz Fernando Bomfim,LMS,29/05/2006,10
1702,(-),https://cqranking.com/common/flags/FRA.gif,DEVEZ Thomas,-,10/02/2002,10
1703,(1946),https://cqranking.com/common/flags/TUR.gif,ARIKAN Dogukan,STC,05/09/2001,10
1704,(-),https://cqranking.com/common/flags/BEN.gif,SAIZONOU Exodus,-,10/05/2007,10
1705,(-),https://cqranking.com/common/flags/BRA.gif,NARDIN Thiago Duarte,-,08/07/1988,10
1706,(720),https://cqranking.com/common/flags/TUR.gif,YIGIT Tahir Bugra,STC,30/09/2001,10
1707,(-),https://cqranking.com/common/flags/ITA.gif,FABBRO Riccardo,UTC,18/11/2006,10
1708,(-),https://cqranking.com/common/flags/BEL.gif,HANNES Victor,AAR,30/01/2004,10
1709,(-),https://cqranking.com/common/flags/HKG.gif,LAU Wan Hei Victor,-,03/02/1995,10
1710,(520),https://cqranking.com/common/flags/NED.gif,DE JONG Timo,TPP,28/03/1999,10
1711,(1296),https://cqranking.com/common/flags/NAM.gif,MILLER Alex,-,20/11/2000,10
1712,(2132),https://cqranking.com/common/flags/DEN.gif,IWERSEN Emil Schandorff,BPC,15/08/2002,10
1713,(1962),https://cqranking.com/common/flags/FRA.gif,RIBEIRO DA CRUZ Mathias,-,10/12/2000,10
1714,(-),https://cqranking.com/common/flags/BOT.gif,VAN ZYL Mark,-,1994,10
1715,(-),https://cqranking.com/common/flags/INA.gif,HAFIZH Muhammad,ASC,07/04/2005,10
1716,(2087),https://cqranking.com/common/flags/FIN.gif,AHTOSALO Matias,UNC,27/08/2003,10
1717,(-),https://cqranking.com/common/flags/GBR.gif,LOWDEN William,-,11/07/2003,10
1718,(-),https://cqranking.com/common/flags/BEL.gif,KEPPENS Cedric,VLD,10/03/2006,10
1719,(-),https://cqranking.com/common/flags/RSA.gif,ERASMUS Alexander,TPC,12/02/2007,10
1720,(-),https://cqranking.com/common/flags/POR.gif,MATIAS Joao Carlos Araujo,TAV,26/05/1991,10
1721,(1690),https://cqranking.com/common/flags/ITA.gif,ZANINI Simone,XAD,26/03/2004,10
1722,(2805),https://cqranking.com/common/flags/FRA.gif,HUCK Léandre,VRR,30/07/2000,10
1723,(2109),https://cqranking.com/common/flags/CHN.gif,NIU Yikui,LNS,02/08/1994,10
1724,(-),https://cqranking.com/common/flags/SWZ.gif,SIKHONDZE Sihlangu,-,01/03/1999,10
1725,(-),https://cqranking.com/common/flags/ECU.gif,VILLARREAL ALMEIDA Esteban David,-,19/05/1996,10
1726,(2480),https://cqranking.com/common/flags/ESP.gif,RAMOS MURILLO Unai,EKP,24/09/2005,10
1727,(1514),https://cqranking.com/common/flags/ESP.gif,TORRES BARCELO Albert,MOV,26/04/1990,10
1728,(-),https://cqranking.com/common/flags/RSA.gif,SCHUTTE Ryno,-,25/01/2005,10
1729,(-),https://cqranking.com/common/flags/ARG.gif,CEDEIRA Matias Nahuel,-,01/11/2001,10
1730,(-),https://cqranking.com/common/flags/GER.gif,AMANN Meo,-,27/05/2004,10
1731,(-),https://cqranking.com/common/flags/GBR.gif,ARMSTRONG Thomas,-,27/08/1994,10
1732,(-),https://cqranking.com/common/flags/UAE.gif,ALHAJERI Abdulaziz,-,17/12/2003,10
1733,(2580),https://cqranking.com/common/flags/KOR.gif,JANG Kyung-gu,-,29/05/1990,10
1734,(-),https://cqranking.com/common/flags/JPN.gif,TERADA Yoshiki,TUK,23/01/2002,10
1735,(-),https://cqranking.com/common/flags/USA.gif,BESHORE Garrett,MUZ,04/06/2007,10
1736,(-),https://cqranking.com/common/flags/TUR.gif,DOGAN Halil Ibrahim,BKC,06/10/2000,10
1737,(2186),https://cqranking.com/common/flags/BEL.gif,VANTHOURENHOUT Michael,PSC,10/12/1993,10
1738,(1556),https://cqranking.com/common/flags/BAH.gif,DALEY Kevin,-,04/09/1987,10
1739,(-),https://cqranking.com/common/flags/USA.gif,LOKEY Kai,MUZ,30/12/2006,10
1740,(-),https://cqranking.com/common/flags/FRA.gif,JORGE Edgar,BAC,11/07/2005,10
1741,(-),https://cqranking.com/common/flags/CHN.gif,ZHANG Huibin,MSS,14/07/2004,10
1742,(1286),https://cqranking.com/common/flags/TPE.gif,TU Chih Hao Sergio,ABZ,24/02/1997,10
1743,(-),https://cqranking.com/common/flags/CIV.gif,KOUAME Konan Olivier,-,20/12/2000,10
1744,(2441),https://cqranking.com/common/flags/NOR.gif,VESLUM Sebastian,DRP,22/10/2005,10
1745,(2067),https://cqranking.com/common/flags/ITA.gif,CIPOLLINI Edoardo,MBH,27/04/2005,10
1746,(1628),https://cqranking.com/common/flags/LES.gif,RAKAOTA Khotsofalang,-,15/08/2006,10
1747,(-),https://cqranking.com/common/flags/AUT.gif,FUGGER Heimo,UAZ,14/11/2007,10
1748,(626),https://cqranking.com/common/flags/IRL.gif,CORKERY Dillon,TPP,12/02/1999,10
1749,(-),https://cqranking.com/common/flags/CPV.gif,BARRETO DA COSTA José Carlos,-,15/04/1999,10
1750,(1199),https://cqranking.com/common/flags/UKR.gif,SIMON Semen,CTU,21/05/2004,10
1751,(118),https://cqranking.com/common/flags/AUS.gif,GROVES Kaden,APT,23/12/1998,10
1752,(1056),https://cqranking.com/common/flags/ALG.gif,MANSOURI Hamza,MPT,13/04/1999,10
1753,(1778),https://cqranking.com/common/flags/BEN.gif,SOWOU Rémi,-,18/07/1996,10
1754,(-),https://cqranking.com/common/flags/NED.gif,BROEX Victor,MET,31/01/2000,10
1755,(-),https://cqranking.com/common/flags/MAR.gif,MRAOUNI Salah Eddine,-,28/12/1992,10
1756,(1529),https://cqranking.com/common/flags/BAR.gif,VANDERPOOL Gregory,-,05/03/1996,10
1757,(1776),https://cqranking.com/common/flags/VEN.gif,SEQUERA SANCHEZ Pedro Jose,-,07/07/1991,10
1758,(850),https://cqranking.com/common/flags/ETH.gif,ALEMAYO Tsegay Tekle,CNM,19/11/2006,10
1759,(2134),https://cqranking.com/common/flags/LBN.gif,ALMANE Abdel Azez,-,24/07/2000,10
1760,(-),https://cqranking.com/common/flags/PHI.gif,GROSPE Ismael Jr.,VSC,07/01/1999,10
1761,(1130),https://cqranking.com/common/flags/AUS.gif,SCHULTZ Elliot,VCH,05/08/2000,9
1762,(2369),https://cqranking.com/common/flags/JPN.gif,ODA Hijiri,ART,23/11/1998,9
1763,(-),https://cqranking.com/common/flags/POR.gif,BAPTISTA Gabriel Arantes,-,28/04/2005,9
1764,(-),https://cqranking.com/common/flags/ESP.gif,REY VAZQUEZ Martin,BBH,11/03/2003,9
1765,(-),https://cqranking.com/common/flags/GEO.gif,PAPIASHVILI Ivane,-,10/05/2004,9
1766,(1086),https://cqranking.com/common/flags/GBR.gif,WOOD Harrison,CDF,14/06/2000,9
1767,(-),https://cqranking.com/common/flags/MRI.gif,YON HIN Daniel,7RP,08/05/2002,9
1768,(1097),https://cqranking.com/common/flags/SLO.gif,CENCIC Nejc,-,11/02/2000,9
1769,(1596),https://cqranking.com/common/flags/BAR.gif,ELCOCK Russell,-,06/12/1993,9
1770,(-),https://cqranking.com/common/flags/SUI.gif,ZUMSTEG Nicola,BIE,03/01/2006,9
1771,(-),https://cqranking.com/common/flags/SUI.gif,SCHLEUNIGER Nicola,RRS,24/08/2003,9
1772,(-),https://cqranking.com/common/flags/GBR.gif,CHAPLIN Sam,-,08/03/2005,9
1773,(-),https://cqranking.com/common/flags/ALG.gif,BENGAYOU Abdelraouf,MCA,07/07/1998,9
1774,(-),https://cqranking.com/common/flags/DEN.gif,ANDERSEN Noah Lindholm Møller,RBC,27/01/2007,9
1775,(2088),https://cqranking.com/common/flags/CRC.gif,SANCHO PORRAS Jose Pablo,-,25/01/2006,9
1776,(-),https://cqranking.com/common/flags/FRA.gif,PICARD Paul,SCO,04/10/2005,9
1777,(-),https://cqranking.com/common/flags/FRA.gif,PAULOUIN Gaspard,SCO,05/12/2004,9
1778,(-),https://cqranking.com/common/flags/NED.gif,WIGGERS Thijs,-,04/10/1995,9
1779,(1322),https://cqranking.com/common/flags/PER.gif,TOSCANO FERNANDEZ Bill Janz,-,07/04/2001,9
1780,(2851),https://cqranking.com/common/flags/DEN.gif,CARSTENSEN Magnus,EFA,01/01/2006,9
1781,(1182),https://cqranking.com/common/flags/COL.gif,REYES ORTEGA Yeison Sebastian,-,14/02/1997,9
1782,(-),https://cqranking.com/common/flags/CRO.gif,LUKIC Leon,ADR,28/06/2007,9
1783,(1901),https://cqranking.com/common/flags/MLT.gif,CAMILLERI John,-,23/06/1997,9
1784,(-),https://cqranking.com/common/flags/AUT.gif,TICHLER Thomas,WSA,23/05/2000,9
1785,(1697),https://cqranking.com/common/flags/CAN.gif,COUTURE Samuel,-,06/07/2004,9
1786,(-),https://cqranking.com/common/flags/GBS.gif,GOMES Gil,-,01/08/1997,9
1787,(1761),https://cqranking.com/common/flags/ITA.gif,BRUNO Andrea Alfio,-,04/02/2003,9
1788,(541),https://cqranking.com/common/flags/ESP.gif,GUARDEÑO ROMA Jaume,CJR,20/02/2003,9
1789,(-),https://cqranking.com/common/flags/ITA.gif,REMELLI Cristian,GEF,22/02/2006,9
1790,(2713),https://cqranking.com/common/flags/ESP.gif,ZAFRA CORONELLAS Marc,SQD,22/09/2006,9
1791,(1464),https://cqranking.com/common/flags/TUR.gif,EMISCI Ferhat,STC,25/10/2004,9
1792,(1340),https://cqranking.com/common/flags/GER.gif,NOLDE Tobias,VBG,09/12/1998,9
1793,(2143),https://cqranking.com/common/flags/BUL.gif,PETROV Yordan,-,26/12/2002,9
1794,(2393),https://cqranking.com/common/flags/BEL.gif,BAERS Arne,BPL,27/03/2002,9
1795,(1391),https://cqranking.com/common/flags/GER.gif,HEMING Mika,ATT,06/04/2000,9
1796,(1095),https://cqranking.com/common/flags/RUS.gif,IVANOV Timofei,CDT,04/12/1990,9
1797,(1748),https://cqranking.com/common/flags/KOS.gif,YMERI Albion,-,14/10/1995,9
1798,(2168),https://cqranking.com/common/flags/FRA.gif,MILLET Hugo,-,07/08/2002,9
1799,(-),https://cqranking.com/common/flags/BRA.gif,RIBEIRO Thales Fernando Areias,-,10/05/1991,9
1800,(-),https://cqranking.com/common/flags/RUS.gif,IGOSHEV Egor,-,02/07/2002,9
1801,(403),https://cqranking.com/common/flags/ERI.gif,ARAYA Nahom Zeray,TUK,12/09/2002,8
1802,(-),https://cqranking.com/common/flags/BEL.gif,COOMAN Kjell,-,03/03/2003,8
1803,(1948),https://cqranking.com/common/flags/SUI.gif,BÖGLI Noah,EFC,01/08/1996,8
1804,(1478),https://cqranking.com/common/flags/HUN.gif,FILUTAS Viktor,-,28/09/1996,8
1805,(-),https://cqranking.com/common/flags/ITA.gif,GALBUSERA Pietro,XAD,10/09/2007,8
1806,(1183),https://cqranking.com/common/flags/BEL.gif,REYNDERS Jens,-,25/05/1998,8
1807,(2299),https://cqranking.com/common/flags/POL.gif,LEWANDOWSKI Dawid,NDT,04/04/2006,8
1808,(1465),https://cqranking.com/common/flags/FRA.gif,FAYOLLE Jean-Loup,CIC,15/06/2005,8
1809,(1700),https://cqranking.com/common/flags/BRA.gif,MENDES Diego de Jesus,-,19/03/1990,8
1810,(-),https://cqranking.com/common/flags/FRA.gif,VASSAL Théophile,DCD,10/01/2007,8
1811,(-),https://cqranking.com/common/flags/CAN.gif,COWAN Quentin,-,25/11/2003,8
1812,(-),https://cqranking.com/common/flags/FRA.gif,RULLIER Hans,-,27/01/2004,8
1813,(1491),https://cqranking.com/common/flags/NED.gif,VERBURG Luke,AVV,12/05/2001,8
1814,(2159),https://cqranking.com/common/flags/NED.gif,VERGOUW Julian,MET,28/09/2005,8
1815,(-),https://cqranking.com/common/flags/GBR.gif,ASKEY Ben,-,14/03/2004,8
1816,(-),https://cqranking.com/common/flags/KEN.gif,MUNGAI Kenneth Karaya,-,27/01/1996,8
1817,(2190),https://cqranking.com/common/flags/MAS.gif,ABDUL HALIL Mohamad Izzat Hilmi,MPC,18/09/1995,8
1818,(1330),https://cqranking.com/common/flags/BEL.gif,VANDEN HEEDE Lars,SQD,18/03/2005,8
1819,(-),https://cqranking.com/common/flags/CZE.gif,KERL Maximilian,FGI,21/09/2004,8
1820,(-),https://cqranking.com/common/flags/ITA.gif,BIANCALANI Andrea,BTC,24/10/2000,8
1821,(1223),https://cqranking.com/common/flags/DEN.gif,KLARIS Magnus Bak,GSH,23/01/1996,8
1822,(1146),https://cqranking.com/common/flags/AUS.gif,HEFFERNAN William,CBW,13/12/2004,8
1823,(-),https://cqranking.com/common/flags/POL.gif,BEBEN Szymon,-,12/01/2006,8
1824,(-),https://cqranking.com/common/flags/BEL.gif,DE GENDT Leander,BVD,04/09/2007,8
1825,(-),https://cqranking.com/common/flags/ITA.gif,QUAGLIA Tommaso,PAD,06/03/2006,8
1826,(1315),https://cqranking.com/common/flags/CPV.gif,CRUZ Patrick Nelio,-,26/12/2001,8
1827,(-),https://cqranking.com/common/flags/BEL.gif,BERNARD Thibaut,LWD,15/01/2003,8
1828,(1737),https://cqranking.com/common/flags/VEN.gif,PAREDES LOPEZ Anderson Timoteo,-,20/03/1995,8
1829,(2812),https://cqranking.com/common/flags/FRA.gif,BOULET Enzo,VVB,26/02/2003,8
1830,(1614),https://cqranking.com/common/flags/BEL.gif,VAN DE WYNKELE Lorenz,LWD,19/08/2001,8
1831,(2104),https://cqranking.com/common/flags/VEN.gif,RIVAS MOLINA Angel Diosmede,-,23/12/1989,8
1832,(1679),https://cqranking.com/common/flags/ARG.gif,DIAZ Adrian Lorenzo,-,14/06/1998,8
1833,(2164),https://cqranking.com/common/flags/LAT.gif,HARKINS Girts,-,05/10/2005,8
1834,(-),https://cqranking.com/common/flags/BEL.gif,TIRRY Arthur,-,29/10/2005,8
1835,(1619),https://cqranking.com/common/flags/CAN.gif,MATTERN Carson,-,24/02/2004,8
1836,(-),https://cqranking.com/common/flags/ITA.gif,FRATICELLI Luca,IPD,06/08/2005,8
1837,(2838),https://cqranking.com/common/flags/ECU.gif,ALVAREZ ACOSTA Hector Renan,BES,14/07/2006,8
1838,(2166),https://cqranking.com/common/flags/NED.gif,VAN REES Christiaan,DPP,28/04/2005,8
1839,(-),https://cqranking.com/common/flags/POR.gif,DOMINGUES Duarte,LAA,29/02/2004,8
1840,(1705),https://cqranking.com/common/flags/POL.gif,MASLAK Piotr,VOS,15/12/2003,8
1841,(-),https://cqranking.com/common/flags/BRA.gif,NASCIMENTO Rodrigo,LMS,23/06/1985,8
1842,(-),https://cqranking.com/common/flags/NED.gif,KORTLEVE Bart,MET,23/10/2004,8
1843,(1918),https://cqranking.com/common/flags/RSA.gif,GORDGE Kieran,HBG,29/06/2005,8
1844,(-),https://cqranking.com/common/flags/IRL.gif,CAULFIELD-DREIER Stefan,-,25/02/2003,8
1845,(1913),https://cqranking.com/common/flags/NED.gif,SWENNE Delano,VWE,31/08/2002,8
1846,(2448),https://cqranking.com/common/flags/MEX.gif,RUIZ TERAN Sebastian,-,09/04/2004,8
1847,(2135),https://cqranking.com/common/flags/SUI.gif,JANSSEN Christoph,FNX,28/04/2000,8
1848,(1253),https://cqranking.com/common/flags/ROU.gif,BUTA Catalin,MEN,12/05/2003,8
1849,(2668),https://cqranking.com/common/flags/DEN.gif,NIELSEN Magnus Lorents,-,23/11/2003,8
1850,(1356),https://cqranking.com/common/flags/GRE.gif,DRAKOS Nikolaos Michail,TUS,18/07/2002,8
1851,(-),https://cqranking.com/common/flags/RUS.gif,GRECHISHKIN Vadim,-,11/07/2007,8
1852,(-),https://cqranking.com/common/flags/UKR.gif,TODOROV Anatoliy,-,29/09/1993,8
1853,(-),https://cqranking.com/common/flags/GBR.gif,AMEY Oscar,NDT,28/12/2007,8
1854,(2544),https://cqranking.com/common/flags/BEL.gif,SQUIRE Ben,-,07/08/2001,8
1855,(-),https://cqranking.com/common/flags/GBS.gif,IE Ivanildo,-,06/02/1998,8
1856,(-),https://cqranking.com/common/flags/NZL.gif,JONES Cameron,-,28/11/2000,8
1857,(-),https://cqranking.com/common/flags/URU.gif,HERNANDEZ COUSSAN Christian Nahuel,-,16/07/1998,8
1858,(-),https://cqranking.com/common/flags/ISR.gif,TOBUL Yair,-,09/09/2006,8
1859,(-),https://cqranking.com/common/flags/AUS.gif,BAUDRY Julian,TBN,20/09/2006,8
1860,(2069),https://cqranking.com/common/flags/UGA.gif,MUGALU Shafik,AMN,17/02/2005,8
1861,(-),https://cqranking.com/common/flags/NZL.gif,WILDE Hayden,-,01/09/1997,8
1862,(748),https://cqranking.com/common/flags/GBR.gif,PIDCOCK Joseph,PQT,20/03/2002,8
1863,(-),https://cqranking.com/common/flags/BEL.gif,POELVOORDE Tars,LWD,25/11/2005,8
1864,(-),https://cqranking.com/common/flags/FRA.gif,BERGAUD Sacha,SCO,01/10/2006,8
1865,(-),https://cqranking.com/common/flags/ECU.gif,SALGADO LOZA Josue Andres,-,20/10/1994,8
1866,(-),https://cqranking.com/common/flags/ALG.gif,HAMZAOUI Mohamed Amine,MPT,20/10/2007,8
1867,(2095),https://cqranking.com/common/flags/LTU.gif,KLIMAVICIUS Nikolas,ENT,08/03/2006,8
1868,(2615),https://cqranking.com/common/flags/PAN.gif,GUERRA Sandi,-,17/06/1996,8
1869,(2274),https://cqranking.com/common/flags/BRA.gif,RABELO Euller Magno,-,09/12/1998,8
1870,(1951),https://cqranking.com/common/flags/ITA.gif,PEZZO ROSOLA Kevin,GEF,30/11/2002,8
1871,(-),https://cqranking.com/common/flags/AUS.gif,GALLAGHER Oscar,CBW,09/11/2006,8
1872,(1915),https://cqranking.com/common/flags/ITA.gif,STELLA Davide,UAZ,14/04/2006,8
1873,(-),https://cqranking.com/common/flags/SLO.gif,OBLAK Gal,FRT,25/08/2006,8
1874,(-),https://cqranking.com/common/flags/NED.gif,VEENIS Vigo,-,09/05/2006,8
1875,(2044),https://cqranking.com/common/flags/ALG.gif,BADLIS Slimane,-,16/10/2002,8
1876,(1541),https://cqranking.com/common/flags/USA.gif,ARNOPOL Richard,PEC,10/05/1992,8
1877,(-),https://cqranking.com/common/flags/ITA.gif,VIEZZI Stefano,APD,05/02/2006,8
1878,(-),https://cqranking.com/common/flags/LUX.gif,LANG Yannis,-,14/11/2007,8
1879,(-),https://cqranking.com/common/flags/BEL.gif,RAUS Jérôme,AIX,25/06/2003,8
1880,(1989),https://cqranking.com/common/flags/ITA.gif,TRAVELLA Nicholas,BIE,05/02/2006,8
1881,(-),https://cqranking.com/common/flags/GBR.gif,PRITCHARD Alexander,TND,05/06/1996,8
1882,(2574),https://cqranking.com/common/flags/VEN.gif,MAESTRE LEAL Winston Jose,-,23/06/2006,8
1883,(-),https://cqranking.com/common/flags/CAN.gif,ROY Jacob,PEC,30/11/2006,8
1884,(1354),https://cqranking.com/common/flags/ITA.gif,PARRAVANO Francesco,MGK,17/12/2000,8
1885,(-),https://cqranking.com/common/flags/DEN.gif,MIKKELSEN Pelle Køster,GSH,25/04/2003,8
1886,(1439),https://cqranking.com/common/flags/MLI.gif,DIALLO Yaya,-,15/01/1997,7
1887,(-),https://cqranking.com/common/flags/PHI.gif,MANDAC Marvin,G4G,07/10/2007,7
1888,(-),https://cqranking.com/common/flags/EGY.gif,ADEL ELZOGHABY Abdelrahman,-,18/11/1997,7
1889,(-),https://cqranking.com/common/flags/COL.gif,BRAVO PAREJA Felipe,GES,23/03/2007,7
1890,(2631),https://cqranking.com/common/flags/MDA.gif,MORGUN Genadii,-,18/01/2003,7
1891,(2784),https://cqranking.com/common/flags/GER.gif,HOMRIGHAUSEN Heiko,-,05/04/1997,7
1892,(2470),https://cqranking.com/common/flags/ARG.gif,BROGGI German Ezequiel,-,08/08/1985,7
1893,(1745),https://cqranking.com/common/flags/FRA.gif,LE NY Jean-Louis,VCR,29/01/1998,7
1894,(-),https://cqranking.com/common/flags/AUS.gif,SMITH Jeremy,OCT,02/10/2006,7
1895,(2737),https://cqranking.com/common/flags/FIN.gif,TEPPO Petja,UNC,18/05/2006,7
1896,(2432),https://cqranking.com/common/flags/CHI.gif,ROJAS RIVAS Diego,-,19/02/2005,7
1897,(1626),https://cqranking.com/common/flags/SLO.gif,GLADEK Marcel,FRT,31/07/2005,7
1898,(-),https://cqranking.com/common/flags/SVK.gif,HOZA Denis,DKB,12/12/2002,7
1899,(1456),https://cqranking.com/common/flags/GBR.gif,MACKIE Ewan,-,12/07/2002,7
1900,(-),https://cqranking.com/common/flags/FRA.gif,DEVROUTE Corentin,-,08/10/2003,7
1901,(-),https://cqranking.com/common/flags/NED.gif,MOURIS Michiel,RBC,07/02/2007,7
1902,(736),https://cqranking.com/common/flags/THA.gif,CHAWCHIANGKWANG Peerapol,TCC,17/10/1986,7
1903,(-),https://cqranking.com/common/flags/UAE.gif,ALKAABI Saif Mayouf,-,11/08/1995,7
1904,(-),https://cqranking.com/common/flags/GUY.gif,KEILER Marcus,-,23/07/1999,7
1905,(-),https://cqranking.com/common/flags/BUL.gif,HADZHISTOYANOV Borislav,-,03/11/2005,7
1906,(1319),https://cqranking.com/common/flags/COL.gif,OYOLA OYOLA Robigzon Leandro,MED,10/08/1988,7
1907,(1500),https://cqranking.com/common/flags/GBR.gif,HICKS Dylan,UNC,05/04/2004,7
1908,(2028),https://cqranking.com/common/flags/UKR.gif,HRYNIV Vitaliy,-,05/04/1995,7
1909,(-),https://cqranking.com/common/flags/LES.gif,MNTUYEDWA Lisakhanya,-,08/01/2006,7
1910,(-),https://cqranking.com/common/flags/UKR.gif,BILYI Maksym,-,16/01/2001,7
1911,(2682),https://cqranking.com/common/flags/BRA.gif,MOLINA Igor Teodoro,-,12/02/1999,7
1912,(-),https://cqranking.com/common/flags/AZE.gif,GURBANOV Ali,-,23/10/2000,7
1913,(-),https://cqranking.com/common/flags/BOT.gif,KHONOFU Rebaone,-,13/04/2006,7
1914,(2122),https://cqranking.com/common/flags/CAN.gif,MILES Carson,ACR,02/07/2000,7
1915,(2360),https://cqranking.com/common/flags/EGY.gif,ELSAIFY Hassan,-,09/04/1998,7
1916,(2646),https://cqranking.com/common/flags/BOL.gif,ARAMAYO VILLENA Jose Manuel,PRC,15/08/2002,7
1917,(-),https://cqranking.com/common/flags/MKD.gif,ILIJEVSKI Ivan,-,15/07/2005,7
1918,(-),https://cqranking.com/common/flags/KOR.gif,MIN Kyeong-ho,SCT,25/07/1996,7
1919,(-),https://cqranking.com/common/flags/ESA.gif,REYES CANALES Denis Stiven,-,10/12/2000,7
1920,(2450),https://cqranking.com/common/flags/LCA.gif,JOSEPH Eltus,-,11/01/2004,7
1921,(2200),https://cqranking.com/common/flags/USA.gif,MCGILL Scott,MAP,20/09/1998,7
1922,(-),https://cqranking.com/common/flags/BUR.gif,MOUNI Vincent,-,22/01/2000,7
1923,(-),https://cqranking.com/common/flags/ITA.gif,GUGLIELMI Lorenzo,SOA,27/06/2007,7
1924,(-),https://cqranking.com/common/flags/NOR.gif,GRANBERG Sander,DRP,29/06/2004,7
1925,(1260),https://cqranking.com/common/flags/RWA.gif,NSENGIYUMVA Shemu,-,03/02/1998,7
1926,(-),https://cqranking.com/common/flags/GUA.gif,BORON RABINAL Melvin Daniel,-,20/06/1998,7
1927,(-),https://cqranking.com/common/flags/BIH.gif,SELIMOVIC Husein,-,04/01/2001,7
1928,(2800),https://cqranking.com/common/flags/POL.gif,PROKOPYSZYN Filip,-,10/08/2000,7
1929,(1479),https://cqranking.com/common/flags/KOR.gif,JUNG Woo-ho,SCT,17/11/1997,7
1930,(2380),https://cqranking.com/common/flags/MLI.gif,DJIRE Daouda,-,06/11/1998,7
1931,(2568),https://cqranking.com/common/flags/SWE.gif,PERSSON Hugo,UNC,08/01/2005,7
1932,(-),https://cqranking.com/common/flags/AND.gif,MORA VIUDUZ Gerard,-,02/12/2006,7
1933,(1601),https://cqranking.com/common/flags/LAO.gif,PHONASA Thavone,-,12/01/1994,7
1934,(-),https://cqranking.com/common/flags/FRA.gif,GRIECO Lucas,AIX,25/06/2003,7
1935,(1070),https://cqranking.com/common/flags/BEN.gif,SODJEDE Ricardo Chilvers,-,26/05/2001,7
1936,(-),https://cqranking.com/common/flags/SEY.gif,BRUTUS Derick,-,7,
1937,(1787),https://cqranking.com/common/flags/CZE.gif,SCHURAN Michal,TUS,30/06/1996,7
1938,(2232),https://cqranking.com/common/flags/DEN.gif,BAK Simon,TGS,02/12/2000,7
1939,(-),https://cqranking.com/common/flags/NZL.gif,WATTS Kiaan,NDT,27/07/2001,7
1940,(-),https://cqranking.com/common/flags/CPV.gif,MIKLOS Mota,-,07/02/2006,7
1941,(-),https://cqranking.com/common/flags/ETH.gif,LEMA Yared,-,20/05/2006,7
1942,(-),https://cqranking.com/common/flags/BUL.gif,VAN DER MERWE Nicholas,-,11/01/2007,7
1943,(1384),https://cqranking.com/common/flags/COL.gif,OCAMPO GIRALDO Victor Alejandro,MED,19/06/1999,7
1944,(-),https://cqranking.com/common/flags/ITA.gif,FERMANELLI Marco,IPD,11/10/2003,7
1945,(-),https://cqranking.com/common/flags/GRE.gif,APOSTOLOPOULOS Eleftherios,-,24/07/2007,7
1946,(1388),https://cqranking.com/common/flags/ETH.gif,ABREHA Negasi Haylu,IPD,09/05/2000,7
1947,(-),https://cqranking.com/common/flags/SWZ.gif,MNISI Samkeliso,-,26/12/1999,7
1948,(2570),https://cqranking.com/common/flags/ITA.gif,PIZZI Nicolo,TER,12/09/2006,7
1949,(-),https://cqranking.com/common/flags/ITA.gif,SERANGELI Giacomo,HBG,18/09/2007,7
1950,(1375),https://cqranking.com/common/flags/ESP.gif,AZANZA BURUSCO Ibai,EKP,22/02/2004,7
1951,(2191),https://cqranking.com/common/flags/GER.gif,MERSEBURG Dominik,-,15/09/1991,7
1952,(1404),https://cqranking.com/common/flags/ROU.gif,GROSU Eduard-Michael,-,04/09/1992,7
1953,(-),https://cqranking.com/common/flags/ITA.gif,SCARSO Andrea,PAD,29/04/2005,7
1954,(2004),https://cqranking.com/common/flags/ANG.gif,MARCELINO Dario Antonio,-,22/10/1992,7
1955,(-),https://cqranking.com/common/flags/MNE.gif,VUCKOVIC Jovan,-,20/01/2005,7
1956,(1686),https://cqranking.com/common/flags/DOM.gif,GARCIA SANCHEZ Erlin Antonio,-,16/07/1983,7
1957,(-),https://cqranking.com/common/flags/HKG.gif,NG Wing Chung,QPT,18/06/1998,7
1958,(1569),https://cqranking.com/common/flags/TTO.gif,TREPTE Liam,-,04/12/2002,7
1959,(1994),https://cqranking.com/common/flags/BAR.gif,CLARKE Philip,-,31/12/1974,7
1960,(-),https://cqranking.com/common/flags/FRA.gif,BLANC Gustave,RBC,27/03/2007,7
1961,(-),https://cqranking.com/common/flags/CHI.gif,RAMIREZ VERA Cristobal Ignacio,-,06/02/2001,7
1962,(1082),https://cqranking.com/common/flags/NED.gif,VAN SINTMAARTENSDIJK Daan,BCY,11/06/1998,7
1963,(2061),https://cqranking.com/common/flags/ANT.gif,MACK Newell,-,03/02/1984,7
1964,(-),https://cqranking.com/common/flags/NED.gif,BOCXE Stein,-,18/02/2005,7
1965,(2015),https://cqranking.com/common/flags/AUS.gif,BURTON Matthew,-,20/01/1988,7
1966,(-),https://cqranking.com/common/flags/BIH.gif,SAVIC Zivko,-,07/10/1987,7
1967,(-),https://cqranking.com/common/flags/ZIM.gif,RAVLA Prateek,-,30/04/2007,7
1968,(-),https://cqranking.com/common/flags/BOT.gif,KELAOTSWE Gomolemo,-,01/09/2004,7
1969,(-),https://cqranking.com/common/flags/BEL.gif,DE NEVE Joerik,-,30/08/1999,7
1970,(2522),https://cqranking.com/common/flags/POL.gif,MUSIALIK Jakub,LPP,06/03/2002,7
1971,(-),https://cqranking.com/common/flags/VEN.gif,GIL BRICEÑO Gusneiver Jose,-,09/05/1987,7
1972,(-),https://cqranking.com/common/flags/SLO.gif,KOVACIC Miran,-,13/09/1995,7
1973,(-),https://cqranking.com/common/flags/MAR.gif,ECHCHAIB Mouhcine,-,26/09/2001,7
1974,(-),https://cqranking.com/common/flags/SIN.gif,POON Chung Kiat,-,04/01/1974,7
1975,(-),https://cqranking.com/common/flags/BEN.gif,GANDAHO Maurice Coffi Charbel,-,22/09/2006,7
1976,(-),https://cqranking.com/common/flags/ZAM.gif,MAZABUKA Mathews,-,10/07/2000,7
1977,(-),https://cqranking.com/common/flags/DOM.gif,MARTE VALDEZ Roger,-,05/07/2004,7
1978,(-),https://cqranking.com/common/flags/SEN.gif,FALL Dame,-,05/03/2004,7
1979,(2085),https://cqranking.com/common/flags/JAM.gif,DIXON Jaequan,-,20/06/2006,7
1980,(1827),https://cqranking.com/common/flags/BEL.gif,WYSEURE Joran,APD,09/01/2001,7
1981,(2547),https://cqranking.com/common/flags/BRA.gif,LEME Pedro Figueiredo,LMS,21/04/2001,7
1982,(-),https://cqranking.com/common/flags/LBN.gif,PANAYOT Alexander,-,20/07/1983,7
1983,(1791),https://cqranking.com/common/flags/RWA.gif,UWIDUHAYE Mike Paul,BBT,15/08/1997,7
1984,(2384),https://cqranking.com/common/flags/FRA.gif,NILSSON-JULIEN Oscar,AIX,10/01/2002,7
1985,(-),https://cqranking.com/common/flags/ITA.gif,CONSOLIDANI Leonardo,BVD,06/05/2006,7
1986,(-),https://cqranking.com/common/flags/SLO.gif,STAJNAR Gasper,PGL,12/06/2007,7
1987,(2517),https://cqranking.com/common/flags/ITA.gif,BELLERI Michael,BTC,13/05/1999,7
1988,(-),https://cqranking.com/common/flags/BLR.gif,KARALIOK Yauheni,-,09/06/1996,7
1989,(1667),https://cqranking.com/common/flags/PHI.gif,LUCERO Jericho Jay,G4G,21/11/1999,7
1990,(-),https://cqranking.com/common/flags/NOR.gif,FJELLHEIM Henrik Teslo,LCT,01/01/2001,7
1991,(2412),https://cqranking.com/common/flags/SWE.gif,CARLSSON Jimmy,-,10/09/1989,7
1992,(-),https://cqranking.com/common/flags/INA.gif,RAMADHAN Ilham Dzikri,NCT,14/12/2001,7
1993,(2763),https://cqranking.com/common/flags/CAY.gif,MORGAN Carl,-,25/08/1998,7
1994,(-),https://cqranking.com/common/flags/PER.gif,GAMERO ZUÑIGA Alonso Miguel,-,23/12/1992,7
1995,(-),https://cqranking.com/common/flags/FRA.gif,COUDIERE-CANTIN Timothée,VDU,09/10/2007,7
1996,(-),https://cqranking.com/common/flags/BUL.gif,ZLATEV Radostin,-,28/12/2005,7
1997,(-),https://cqranking.com/common/flags/MAC.gif,LIU Qihua,-,01/07/2001,7
1998,(2753),https://cqranking.com/common/flags/BAH.gif,MUSGROVE Barron,-,26/07/2005,7
1999,(-),https://cqranking.com/common/flags/MKD.gif,KRSTOV Mihail,-,13/12/2001,7
2000,(-),https://cqranking.com/common/flags/TUR.gif,CICEK Mehmet Emin,KBB,02/02/2006,7
2001,(2314),https://cqranking.com/common/flags/SWE.gif,MELLBY Joel,LUC,03/08/2006,7
2002,(2767),https://cqranking.com/common/flags/CAY.gif,THOMPSON Ryan,-,28/10/2009,7
2003,(-),https://cqranking.com/common/flags/TUR.gif,OZKALBIM Kaan Soylu,STC,12/10/2002,6
2004,(-),https://cqranking.com/common/flags/ARG.gif,DUQUE CANO Mateo,-,13/09/2005,6
2005,(-),https://cqranking.com/common/flags/COL.gif,HOYOS LARGO Daniel David,-,03/12/1994,6
2006,(-),https://cqranking.com/common/flags/BEL.gif,CLERX Ferre,-,16/09/2005,6
2007,(-),https://cqranking.com/common/flags/RUS.gif,NOVIKOV Savva,-,27/07/1999,6
2008,(1936),https://cqranking.com/common/flags/PAN.gif,LORENZO Randish Abdul,-,24/05/1997,6
2009,(-),https://cqranking.com/common/flags/BEL.gif,DE DOBBELAERE Born,VWE,18/07/2005,6
2010,(1736),https://cqranking.com/common/flags/FRA.gif,LECROQ Jérémy,AUB,07/04/1995,6
2011,(-),https://cqranking.com/common/flags/ROU.gif,PESCARU Patrick,-,13/03/2002,6
2012,(-),https://cqranking.com/common/flags/ITA.gif,BARUZZI Francesco,VLD,03/01/2007,6
2013,(1341),https://cqranking.com/common/flags/COL.gif,OSORIO CARVAJAL Alejandro,-,28/05/1998,6
2014,(2699),https://cqranking.com/common/flags/ALG.gif,ESSEMIANI Nasrallah Mohamed Aissa,MPT,02/02/2005,6
2015,(-),https://cqranking.com/common/flags/UKR.gif,MELNYKOV Dmytro,-,29/01/1989,6
2016,(1908),https://cqranking.com/common/flags/BEN.gif,SAIZONOU Glorad,-,30/07/2004,6
2017,(-),https://cqranking.com/common/flags/NZL.gif,ERWOOD Marshall,NZP,22/02/2005,6
2018,(-),https://cqranking.com/common/flags/ECU.gif,PALMA CHAUCANES Anderson David,-,07/08/2003,6
2019,(2236),https://cqranking.com/common/flags/BEL.gif,CLAEYS Robbe,VWE,13/11/2000,6
2020,(-),https://cqranking.com/common/flags/FRA.gif,HERBRETEAU Victor,-,30/11/2006,6
2021,(-),https://cqranking.com/common/flags/COL.gif,MENDEZ NOREÑA Daniel Alejandro,MED,02/06/2000,6
2022,(-),https://cqranking.com/common/flags/NED.gif,BRASPENNING Martijn,-,12/06/2006,6
2023,(1573),https://cqranking.com/common/flags/ECU.gif,MONTEROS ROMERO Luis Javier,BES,12/09/2003,6
2024,(-),https://cqranking.com/common/flags/CHN.gif,HU Renhao,CDT,04/06/2001,6
2025,(-),https://cqranking.com/common/flags/GBR.gif,PERKINS Bradley,7RP,24/10/2003,6
2026,(1622),https://cqranking.com/common/flags/AZE.gif,ISRAFILOV Tural,-,15/12/2006,6
2027,(-),https://cqranking.com/common/flags/VEN.gif,ABREU SOLER Daniel Miguel,-,22/01/1986,6
2028,(-),https://cqranking.com/common/flags/COL.gif,COLON BUELVAS Johan Antonio,GES,26/08/1995,6
2029,(-),https://cqranking.com/common/flags/NED.gif,SMITS Florian,-,16/10/1981,6
2030,(2414),https://cqranking.com/common/flags/CAN.gif,PARRISH Campbell,-,13/12/2004,6
2031,(-),https://cqranking.com/common/flags/COL.gif,CALDERON PALACIO Jeronimo,ESC,08/01/2007,6
2032,(-),https://cqranking.com/common/flags/GBR.gif,TRBOVIC Nicholas,-,22/04/1991,6
2033,(-),https://cqranking.com/common/flags/FRA.gif,MASSA Dylan,NMC,14/02/2006,6
2034,(-),https://cqranking.com/common/flags/URU.gif,ANCHIERI ZUNINO Pablo Sebastian,-,18/04/1989,6
2035,(2268),https://cqranking.com/common/flags/JPN.gif,MINAMI Kazuto,ART,15/08/2003,6
2036,(712),https://cqranking.com/common/flags/CZE.gif,VANICEK Simon,ATT,01/10/1999,6
2037,(-),https://cqranking.com/common/flags/ESP.gif,FRANQUESA PRATS Adria,OCT,16/01/2004,6
2038,(-),https://cqranking.com/common/flags/GBR.gif,GREENWELL Samuel,LWD,18/06/2007,6
2039,(737),https://cqranking.com/common/flags/POL.gif,BERNAS Pawel,VOS,24/05/1990,6
2040,(1862),https://cqranking.com/common/flags/BEL.gif,TORNEY Artuur,TFB,01/09/2003,6
2041,(-),https://cqranking.com/common/flags/GBR.gif,DAINTY Harrison,-,14/07/2007,6
2042,(-),https://cqranking.com/common/flags/ITA.gif,MOTTES Lorenzo,UTC,15/09/2005,6
2043,(1570),https://cqranking.com/common/flags/BUL.gif,PALASHEV Borislav,BKC,13/05/2002,6
2044,(2685),https://cqranking.com/common/flags/MGL.gif,INJYENYER Bilguun,-,31/05/2004,6
2045,(-),https://cqranking.com/common/flags/ERI.gif,ZERIGABIR Efrem,-,18/08/2007,6
2046,(-),https://cqranking.com/common/flags/MNE.gif,SARAC Srdan,-,15/03/1994,6
2047,(1172),https://cqranking.com/common/flags/ITA.gif,GINESTRA Lorenzo,SWT,06/11/2000,6
2048,(-),https://cqranking.com/common/flags/HUN.gif,KARPATI Balint,-,14/12/2005,6
2049,(-),https://cqranking.com/common/flags/BRA.gif,PEREIRA Gustavo Xavier Oliveira,-,13/10/2001,6
2050,(2491),https://cqranking.com/common/flags/ERI.gif,ALEM Yosief,-,18/06/2006,6
2051,(-),https://cqranking.com/common/flags/NED.gif,HAYMA Karst,MET,16/10/2005,6
2052,(-),https://cqranking.com/common/flags/GBR.gif,WALSHAM Sam,-,13/03/2000,6
2053,(-),https://cqranking.com/common/flags/POR.gif,REIS Rafael Miguel,CDF,30/03/2007,6
2054,(-),https://cqranking.com/common/flags/POR.gif,VIEGAS Daniel Pedroso,ALL,05/01/1998,6
2055,(-),https://cqranking.com/common/flags/BRA.gif,LAZZARI Cristian Luis,-,12/08/1999,6
2056,(-),https://cqranking.com/common/flags/GBR.gif,KRASINSKI Max,-,27/04/2003,6
2057,(1494),https://cqranking.com/common/flags/LAT.gif,VINDECS Agris,-,05/07/2001,6
2058,(-),https://cqranking.com/common/flags/CZE.gif,MATEJEK Simon,FRT,11/07/2007,6
2059,(1589),https://cqranking.com/common/flags/HUN.gif,GROSZ Gergo,FAS,15/10/2006,6
2060,(-),https://cqranking.com/common/flags/ESP.gif,FERNANDEZ HERES Samuel,EUS,14/05/2003,6
2061,(1048),https://cqranking.com/common/flags/ETH.gif,REDAE Tesfu Bizaye,MPT,05/12/2002,6
2062,(2356),https://cqranking.com/common/flags/GBR.gif,JOBBER James,THT,09/01/1994,6
2063,(1085),https://cqranking.com/common/flags/POL.gif,KOSTANSKI Mateusz,LPP,03/05/1999,6
2064,(2665),https://cqranking.com/common/flags/ITA.gif,VOLPATO Leonardo,CMP,14/12/2004,6
2065,(-),https://cqranking.com/common/flags/BEL.gif,INION Sander,-,08/07/2003,6
2066,(2701),https://cqranking.com/common/flags/IRL.gif,INGLIS Ian,-,09/04/1994,6
2067,(-),https://cqranking.com/common/flags/FRA.gif,CORON Justin,VCR,30/07/2005,6
2068,(-),https://cqranking.com/common/flags/GUA.gif,CALI SEN Wilder,-,09/12/2002,6
2069,(-),https://cqranking.com/common/flags/JPN.gif,ASO Keisuke,SPA,14/04/1992,6
2070,(-),https://cqranking.com/common/flags/GER.gif,WEBER Maximilian,-,30/08/2005,6
2071,(1129),https://cqranking.com/common/flags/ROU.gif,MOLDANSKY Gerhard-Cristin,MEN,24/12/1999,6
2072,(2136),https://cqranking.com/common/flags/FRA.gif,URCEL Damien,-,21/03/1997,6
2073,(-),https://cqranking.com/common/flags/ESP.gif,GOMEZ LOPEZ DE GOICOECHEA Iker,EKP,27/03/2006,6
2074,(-),https://cqranking.com/common/flags/VEN.gif,QUINTERO DUARTE Antoni Samuel,-,12/02/2005,6
2075,(-),https://cqranking.com/common/flags/PHI.gif,BONDOC Rench Michael Abarca,G4G,11/08/2001,6
2076,(789),https://cqranking.com/common/flags/ITA.gif,CONTI Valerio,TFT,30/03/1993,6
2077,(-),https://cqranking.com/common/flags/ARG.gif,LOPARDO Lucas,-,25/09/1986,6
2078,(2852),https://cqranking.com/common/flags/SWE.gif,LARSSON Linus,EFA,21/07/2006,6
2079,(2823),https://cqranking.com/common/flags/GER.gif,APPELBAUM Henri Johannes,TSM,30/10/2004,6
2080,(-),https://cqranking.com/common/flags/COL.gif,HOYOS CANO Juan Diego,ESC,10/12/1996,6
2081,(-),https://cqranking.com/common/flags/GRE.gif,KYRIAKIDIS Ioannis,-,14/07/1998,6
2082,(-),https://cqranking.com/common/flags/BEL.gif,DE SUTTER Stijn,-,20/08/2002,6
2083,(-),https://cqranking.com/common/flags/FRA.gif,CARTY Jahkim,NMC,12/09/2006,6
2084,(-),https://cqranking.com/common/flags/NED.gif,JACOBS Arne,-,25/10/1997,6
2085,(-),https://cqranking.com/common/flags/IRL.gif,SMITH Luke,-,19/01/1999,6
2086,(2886),https://cqranking.com/common/flags/BEL.gif,BONROY Max,-,28/06/2003,6
2087,(455),https://cqranking.com/common/flags/JPN.gif,ARASHIRO Yukiya,TFT,22/09/1984,6
2088,(-),https://cqranking.com/common/flags/NED.gif,ERBERVELD Jorik,-,14/08/2006,6
2089,(-),https://cqranking.com/common/flags/FRA.gif,BARAN Simon,VVB,12/11/2002,6
2090,(-),https://cqranking.com/common/flags/IRI.gif,OLAMAEI Mahdi,-,09/02/1987,6
2091,(-),https://cqranking.com/common/flags/ALB.gif,PIKU Leo,-,14/10/2007,6
2092,(2748),https://cqranking.com/common/flags/UZB.gif,MOVLONBERDIYEV Mustafo,-,28/05/2006,6
2093,(-),https://cqranking.com/common/flags/ITA.gif,ROSSETTI Thomas,GEF,10/01/2005,6
2094,(-),https://cqranking.com/common/flags/FRA.gif,CLAIN Jérémy,-,09/07/1990,6
2095,(1492),https://cqranking.com/common/flags/AUT.gif,SCHMIDBAUER Maximilian,SIC,23/12/2001,6
2096,(763),https://cqranking.com/common/flags/ESP.gif,SEVILLA RIVERA Oscar Miguel,MED,29/09/1976,6
2097,(2824),https://cqranking.com/common/flags/NZL.gif,RUSH Christian,FAS,10/12/2001,6
2098,(-),https://cqranking.com/common/flags/BEL.gif,VAN STRIJTHEM Matijs,SQD,14/03/2006,6
2099,(1189),https://cqranking.com/common/flags/KOR.gif,YUN Jae-bin,ROI,17/04/2001,6
2100,(-),https://cqranking.com/common/flags/BEL.gif,JACOBS Lennes,DPP,15/12/2007,6
2101,(1421),https://cqranking.com/common/flags/EST.gif,AUS Aaron,QPT,10/03/2004,6
2102,(1226),https://cqranking.com/common/flags/TTO.gif,CAMPBELL Akil,-,01/02/1996,6
2103,(-),https://cqranking.com/common/flags/ESP.gif,ROTA RUS Oscar,BOA,19/02/2002,6
2104,(-),https://cqranking.com/common/flags/POR.gif,RIBEIRO Andre,GSU,20/08/2004,6
2105,(2252),https://cqranking.com/common/flags/FRA.gif,SAVIOZ Colin,URR,11/06/2004,5
2106,(2111),https://cqranking.com/common/flags/POR.gif,MARTINGIL Cesar Alexandre Feiteira,TAV,10/01/1995,5
2107,(-),https://cqranking.com/common/flags/ITA.gif,TURCONI Matteo,BCS,08/07/2007,5
2108,(2170),https://cqranking.com/common/flags/FRA.gif,GREGOIRE Baptiste,CGF,13/02/2006,5
2109,(1846),https://cqranking.com/common/flags/ESP.gif,IBAÑEZ BELTRAN DE SALAZAR Javier,CJR,29/11/2001,5
2110,(-),https://cqranking.com/common/flags/POL.gif,PERA Marceli,ENT,17/06/2006,5
2111,(200),https://cqranking.com/common/flags/NOR.gif,FREDHEIM Stian,UXM,23/03/2003,5
2112,(1200),https://cqranking.com/common/flags/NED.gif,JONKMANS Tom,-,21/04/2002,5
2113,(-),https://cqranking.com/common/flags/MAS.gif,ABD HALIM Muhammad Shahmir Aiman,TSG,24/04/2000,5
2114,(2138),https://cqranking.com/common/flags/AUT.gif,DIRNBAUER Josef,HAC,27/06/1998,5
2115,(-),https://cqranking.com/common/flags/CHN.gif,LI Boan,BDR,03/09/2000,5
2116,(-),https://cqranking.com/common/flags/CMR.gif,MOUHAMMED Ibrahim,-,15/04/2006,5
2117,(2255),https://cqranking.com/common/flags/DEN.gif,SØRENSEN Anders Vos,TCQ,11/03/2004,5
2118,(2866),https://cqranking.com/common/flags/BEL.gif,NIJS Milan,-,22/10/2006,5
2119,(-),https://cqranking.com/common/flags/POR.gif,FRANCISCO Filipe,ALL,15/10/1998,5
2120,(881),https://cqranking.com/common/flags/ITA.gif,BRACALENTE Diego,MBH,06/12/2004,5
2121,(1681),https://cqranking.com/common/flags/CZE.gif,KMINEK Vojtech,BBH,11/09/2000,5
2122,(-),https://cqranking.com/common/flags/RUS.gif,POPOV Mark,-,17/05/2007,5
2123,(1674),https://cqranking.com/common/flags/DEN.gif,SKIVILD Robin Juel,-,21/08/2001,5
2124,(-),https://cqranking.com/common/flags/HKG.gif,WU Chun Yin,HKS,27/06/2006,5
2125,(1593),https://cqranking.com/common/flags/FRA.gif,BREANT Romain,-,29/06/2004,5
2126,(-),https://cqranking.com/common/flags/FRA.gif,LARRONDE Ellande,CJR,07/11/2006,5
2127,(1804),https://cqranking.com/common/flags/NZL.gif,MEO Felix James,TFT,03/04/1997,5
2128,(-),https://cqranking.com/common/flags/SWE.gif,EKMAN Vilmer,LUC,16/06/2007,5
2129,(2149),https://cqranking.com/common/flags/LUX.gif,MORANG Mil,LKH,15/09/2004,5
2130,(-),https://cqranking.com/common/flags/ESP.gif,VILLAR GALDEANO Iker,CJR,24/11/2006,5
2131,(-),https://cqranking.com/common/flags/GBR.gif,TINSLEY Lewis,-,21/10/2006,5
2132,(2216),https://cqranking.com/common/flags/NOR.gif,KULSET Magnus,RSK,18/08/2000,5
2133,(2572),https://cqranking.com/common/flags/POL.gif,GARNEK Ksawier,MSP,01/05/2005,5
2134,(-),https://cqranking.com/common/flags/DEN.gif,FALK RASMUSSEN Nicklas Lilleskov,-,13/07/1997,5
2135,(1305),https://cqranking.com/common/flags/USA.gif,CHRISTIAN Sean,MAP,20/04/2002,5
2136,(-),https://cqranking.com/common/flags/DEN.gif,THESTRUP Benjamin Kofoed,GSH,29/08/2007,5
2137,(430),https://cqranking.com/common/flags/ITA.gif,CONCA Filippo,JAY,22/09/1998,5
2138,(2203),https://cqranking.com/common/flags/ITA.gif,IACCHI Alessandro,TFT,26/05/1999,5
2139,(1624),https://cqranking.com/common/flags/AUS.gif,LANE WELSH Tali,CBW,17/08/2000,5
2140,(1263),https://cqranking.com/common/flags/CMR.gif,TIENTCHEU Michel Boris,-,19/08/1992,5
2141,(-),https://cqranking.com/common/flags/FRA.gif,CADAT Yolan,-,03/03/2003,5
2142,(-),https://cqranking.com/common/flags/NOR.gif,WIKANDER Tord Aasgaard,-,18/10/2004,5
2143,(1051),https://cqranking.com/common/flags/NED.gif,VAN DER MEULEN Max,TBV,13/01/2004,5
2144,(-),https://cqranking.com/common/flags/LTU.gif,BRUZAS Dovydas,ENT,06/12/2006,5
2145,(-),https://cqranking.com/common/flags/CUB.gif,PARRADO VAZQUEZ Douglas Nelson,-,21/05/2003,5
2146,(-),https://cqranking.com/common/flags/GBR.gif,TOWERS Lucas,MAP,09/11/2003,5
2147,(971),https://cqranking.com/common/flags/COL.gif,MUÑOZ LANCHEROS Cristian Camilo,-,20/03/1996,5
2148,(925),https://cqranking.com/common/flags/ITA.gif,FORTIN Filippo,HAC,01/02/1989,5
2149,(1590),https://cqranking.com/common/flags/ESP.gif,FAJARDO TOLEDO Adrian,BBH,27/10/2003,5
2150,(-),https://cqranking.com/common/flags/CAN.gif,GAUTHIER Nicolas,-,21/06/2007,5
2151,(1343),https://cqranking.com/common/flags/FIN.gif,HÄNNINEN Jaakko,NMC,16/04/1997,5
2152,(-),https://cqranking.com/common/flags/AUS.gif,SHANNON Tynan,TBN,22/01/2000,5
2153,(1317),https://cqranking.com/common/flags/GBR.gif,MORGAN Edward,-,29/07/2000,5
2154,(-),https://cqranking.com/common/flags/BEL.gif,MELLAERTS Robbe,BPL,18/08/2001,5
2155,(2201),https://cqranking.com/common/flags/DEN.gif,KNUDSEN Oliver,SWT,08/01/1999,5
2156,(2711),https://cqranking.com/common/flags/FRA.gif,GUERINEL Manu,-,25/08/2003,5
2157,(2238),https://cqranking.com/common/flags/ITA.gif,GASPARINI Alessio,PPI,21/10/1998,5
2158,(2001),https://cqranking.com/common/flags/USA.gif,CARPENTER Robin,MAP,20/06/1992,5
2159,(2822),https://cqranking.com/common/flags/NOR.gif,NAKKEN Tobias Risan,DRP,03/09/2004,5
2160,(2723),https://cqranking.com/common/flags/KAZ.gif,PODLUZHNYY Mikhail,XAD,10/01/2006,5
2161,(2351),https://cqranking.com/common/flags/ESP.gif,PEREZ-LANDALUCE GONZALEZ Eduardo,OCT,01/05/1998,5
2162,(-),https://cqranking.com/common/flags/CHN.gif,GUO Shourong,TYD,03/02/2002,5
2163,(1118),https://cqranking.com/common/flags/CZE.gif,TOUPALIK Adam,URR,09/05/1996,5
2164,(1687),https://cqranking.com/common/flags/BEL.gif,VANDENBRANDEN Noah,TFB,29/07/2002,5
2165,(-),https://cqranking.com/common/flags/NED.gif,VAN DER WERF Sven,-,16/11/2004,5
2166,(1953),https://cqranking.com/common/flags/AUS.gif,STENNING Oliver,KSZ,27/02/1998,5
2167,(-),https://cqranking.com/common/flags/ESP.gif,GARCIA FRANCES Pablo,-,16/01/2001,5
2168,(-),https://cqranking.com/common/flags/RUS.gif,SADYKOV Ilyas,-,20/09/2006,5
2169,(-),https://cqranking.com/common/flags/NED.gif,GUNNINK Samuel,MET,08/05/2007,5
2170,(-),https://cqranking.com/common/flags/COD.gif,KASEREKA KYAVIRO Joël,-,12/09/2002,5
2171,(1171),https://cqranking.com/common/flags/BEL.gif,HUYS Laurens,NMC,24/09/1998,5
2172,(-),https://cqranking.com/common/flags/GER.gif,HARTER Luca,-,23/09/2002,5
2173,(-),https://cqranking.com/common/flags/GER.gif,LENNEMANN Anton Theo,BAI,05/03/2003,5
2174,(-),https://cqranking.com/common/flags/BEL.gif,VANSLEMBROUCK Corneel,-,11/10/2006,5
2175,(-),https://cqranking.com/common/flags/GBR.gif,BROWN Jim,LLA,02/10/2000,5
2176,(1400),https://cqranking.com/common/flags/SLO.gif,FLAJS Maj,FRT,28/01/2005,5
2177,(-),https://cqranking.com/common/flags/CMR.gif,FOTSING Claude Harold,-,21/07/2003,5
2178,(-),https://cqranking.com/common/flags/FRA.gif,GICQUEL Gabin,VDU,29/06/2007,5
2179,(-),https://cqranking.com/common/flags/BRA.gif,REZENDE JUNIOR Edson Gilmar,LMS,24/01/1997,5
2180,(2709),https://cqranking.com/common/flags/FRA.gif,LEVEQUE Théo,TEN,21/01/2004,5
2181,(-),https://cqranking.com/common/flags/USA.gif,GARDON Elouan,-,08/05/2006,5
2182,(-),https://cqranking.com/common/flags/FRA.gif,CONOR Paul,VDU,22/12/2003,5
2183,(-),https://cqranking.com/common/flags/JPN.gif,HINO Taisei,SMN,27/08/2000,5
2184,(-),https://cqranking.com/common/flags/ITA.gif,SCOFET Matteo,PAD,22/07/2007,5
2185,(-),https://cqranking.com/common/flags/DEN.gif,HOUGAARD Frederik Dupont,-,01/03/2006,5
2186,(-),https://cqranking.com/common/flags/CAN.gif,RIGBY Monty,TIR,21/09/2007,5
2187,(-),https://cqranking.com/common/flags/POL.gif,KUS Adam,-,02/02/1999,5
2188,(1856),https://cqranking.com/common/flags/BEL.gif,VANDENBERGHE Viktor,PSC,26/04/2005,5
2189,(-),https://cqranking.com/common/flags/FRA.gif,DAVID Leo,-,17/03/2005,5
2190,(-),https://cqranking.com/common/flags/DEN.gif,RODENBERG MADSEN Frederik,-,22/01/1998,5
2191,(-),https://cqranking.com/common/flags/ITA.gif,STENICO Mattia,BCS,26/09/2006,5
2192,(-),https://cqranking.com/common/flags/ESP.gif,MARTIN MUÑOZ Jose Maria,EKP,02/04/2001,5
2193,(-),https://cqranking.com/common/flags/GER.gif,MAUSS Moritz,UAZ,15/06/2007,5
2194,(1824),https://cqranking.com/common/flags/NED.gif,VOOGT Niek,AVV,15/01/2001,5
2195,(2165),https://cqranking.com/common/flags/BEL.gif,DOCKX Gilles,AAR,07/03/2005,5
2196,(2571),https://cqranking.com/common/flags/NOR.gif,KJELDSAND Karl Emil,DRP,08/10/2005,5
2197,(197),https://cqranking.com/common/flags/NED.gif,EEKHOFF Nils,TPP,23/01/1998,5
2198,(2175),https://cqranking.com/common/flags/ESP.gif,MARTIN CUEVAS Marco,EUS,05/10/2006,5
2199,(-),https://cqranking.com/common/flags/AUS.gif,PROCTOR-PARKER Dylan,ROI,12/12/2004,5
2200,(1648),https://cqranking.com/common/flags/GBR.gif,ARMITT Hamish,TNN,24/06/2002,5
2201,(1695),https://cqranking.com/common/flags/BEL.gif,MOONEN Zeno,TIS,03/07/2003,5
2202,(1245),https://cqranking.com/common/flags/POR.gif,SILVA Joaquim Ricardo Soares,EFP,19/03/1992,5
2203,(2261),https://cqranking.com/common/flags/GER.gif,KELLER Paul,TSM,07/05/2003,5
2204,(-),https://cqranking.com/common/flags/ESP.gif,CORRES IBAÑEZ DE OPAKUA Gorka,CJR,05/06/2005,5
2205,(-),https://cqranking.com/common/flags/AUS.gif,STEVENSON Lucas,TBN,24/11/2007,5
2206,(-),https://cqranking.com/common/flags/ITA.gif,POLI Umberto,TNN,27/08/1996,5
2207,(1780),https://cqranking.com/common/flags/ESP.gif,SANCHEZ REBOLLIDO Angel Lorenzo,TAV,12/04/1993,5
2208,(-),https://cqranking.com/common/flags/GBR.gif,GARDNER Arthur Thomas,-,06/02/2004,5
2209,(-),https://cqranking.com/common/flags/BEL.gif,VAN DEN HAUTE Milan,TFB,14/10/2005,5
2210,(1116),https://cqranking.com/common/flags/NED.gif,ROOSEN Timo,TPP,11/01/1993,5
2211,(1442),https://cqranking.com/common/flags/SUI.gif,SUTER Joel,-,25/10/1998,5
2212,(311),https://cqranking.com/common/flags/ITA.gif,FORMOLO Davide,MOV,25/10/1992,5
2213,(-),https://cqranking.com/common/flags/IRL.gif,WATSON Lindsay,-,25/04/1989,5
2214,(2208),https://cqranking.com/common/flags/RUS.gif,SHAKOTKO Aleksandr,-,08/05/1999,4
2215,(1566),https://cqranking.com/common/flags/MRI.gif,MATOMBE Hanson,-,26/04/2001,4
2216,(-),https://cqranking.com/common/flags/COL.gif,PAREDES ZAPATA Pablo,-,15/02/2003,4
2217,(-),https://cqranking.com/common/flags/ALG.gif,HELLAL BERROUANE Oussama,-,08/12/1996,4
2218,(-),https://cqranking.com/common/flags/BEL.gif,VANDEN WIJNGAERT Matteo,UAZ,18/12/2007,4
2219,(-),https://cqranking.com/common/flags/TUR.gif,DOGAN Eren Baki,STC,19/11/2003,4
2220,(-),https://cqranking.com/common/flags/FIN.gif,PIRINEN Miko,NDT,05/06/2007,4
2221,(2840),https://cqranking.com/common/flags/SWE.gif,GREIJUS Paul,-,10/02/2005,4
2222,(2591),https://cqranking.com/common/flags/ZIM.gif,SIBANDA Mthokozisi,-,13/11/1998,4
2223,(-),https://cqranking.com/common/flags/NED.gif,VRIES Lukas,AVV,24/02/2006,4
2224,(-),https://cqranking.com/common/flags/VEN.gif,COLMENARES BAUTISTA Jad Sair,-,22/08/2005,4
2225,(-),https://cqranking.com/common/flags/BOT.gif,RUELE Thebeyame,-,03/03/2003,4
2226,(2623),https://cqranking.com/common/flags/HON.gif,MARTINEZ AMADOR Diler Javier,-,01/02/1988,4
2227,(-),https://cqranking.com/common/flags/ITA.gif,DOVESI Manuel,-,02/09/2000,4
2228,(2377),https://cqranking.com/common/flags/MNE.gif,DASIC Milic,-,24/12/1995,4
2229,(-),https://cqranking.com/common/flags/IRI.gif,REZVANI GILKOLAEI Morteza,-,05/03/1990,4
2230,(1869),https://cqranking.com/common/flags/MAC.gif,CHEANG Shing Hei,THT,05/03/2006,4
2231,(1709),https://cqranking.com/common/flags/ERI.gif,ABDELWAHEB Nurahmed,-,04/04/1994,4
2232,(-),https://cqranking.com/common/flags/USA.gif,RUHE Julien,-,05/08/2005,4
2233,(-),https://cqranking.com/common/flags/VEN.gif,CUADROS RUIZ Arley Alexander,-,03/06/2006,4
2234,(2628),https://cqranking.com/common/flags/BUL.gif,POPOV Martin,-,09/07/1999,4
2235,(-),https://cqranking.com/common/flags/LAT.gif,ZUJEVS Jekabs,-,14/09/2007,4
2236,(-),https://cqranking.com/common/flags/ARG.gif,ESTEVEZ Enrique Hernan,-,27/04/1988,4
2237,(-),https://cqranking.com/common/flags/CHN.gif,SHI Jinggang,MSS,03/08/2004,4
2238,(1779),https://cqranking.com/common/flags/THA.gif,LADNGERN Peerapong,-,21/12/1995,4
2239,(-),https://cqranking.com/common/flags/FIN.gif,PITKÄNEN Lauri,-,11/04/1990,4
2240,(1241),https://cqranking.com/common/flags/JPN.gif,YAMAMOTO Genki,KIN,19/11/1991,4
2241,(-),https://cqranking.com/common/flags/ESP.gif,IRIARTE SANZ Igor,-,20/05/2006,4
2242,(-),https://cqranking.com/common/flags/ETH.gif,GEREZIHER Girmalem,-,01/10/2007,4
2243,(-),https://cqranking.com/common/flags/ANG.gif,ARAUJO Bruno Cesar Amaral,-,07/01/1998,4
2244,(2180),https://cqranking.com/common/flags/INA.gif,ABI MANYU Julian,ASC,13/06/2006,4
2245,(-),https://cqranking.com/common/flags/CRC.gif,FERNANDEZ BENAVIDES Kendall Steward,-,12/09/2006,4
2246,(-),https://cqranking.com/common/flags/JOR.gif,ALSAOUDI Mohammad,-,15/03/2005,4
2247,(-),https://cqranking.com/common/flags/FRA.gif,BARUSSEAU Mathéo,VDU,30/04/2005,4
2248,(1266),https://cqranking.com/common/flags/THA.gif,PHODINGAM Sakchai,GTC,11/03/1998,4
2249,(-),https://cqranking.com/common/flags/ISL.gif,VIDISSON Sigurdur Tomas,-,25/11/2002,4
2250,(1024),https://cqranking.com/common/flags/VEN.gif,BECERRA BECERRA Eduin,-,28/09/1985,4
2251,(-),https://cqranking.com/common/flags/JOR.gif,HAJEER Mohammed,-,31/03/2007,4
2252,(2151),https://cqranking.com/common/flags/SVK.gif,JURIK Martin,ADR,02/10/2004,4
2253,(-),https://cqranking.com/common/flags/PER.gif,GONZALES ZENTENO Andre Alexander,-,06/08/1998,4
2254,(1251),https://cqranking.com/common/flags/FRA.gif,HUYET Baptiste,BAI,06/07/2000,4
2255,(-),https://cqranking.com/common/flags/IRL.gif,WALLS Matthew,APS,07/06/2007,4
2256,(2161),https://cqranking.com/common/flags/MGL.gif,TSOODOL Enkhpurev,-,03/03/2005,4
2257,(-),https://cqranking.com/common/flags/ESP.gif,POMBO ALVAREZ Tomas,MOY,28/04/2006,4
2258,(-),https://cqranking.com/common/flags/ITA.gif,BOSIO Tommaso,GEF,02/12/2006,4
2259,(2046),https://cqranking.com/common/flags/AUT.gif,PAUMANN David,HAC,19/11/2003,4
2260,(1810),https://cqranking.com/common/flags/ITA.gif,PALOMBA Marco,PAD,05/05/2002,4
2261,(-),https://cqranking.com/common/flags/ECU.gif,ROSERO CHAMORRO Bryan Orlando,-,24/12/2001,4
2262,(1228),https://cqranking.com/common/flags/RWA.gif,MUGISHA Moise,-,01/01/1997,4
2263,(1045),https://cqranking.com/common/flags/THA.gif,CHAIYASOMBAT Thanakhan,TCC,26/06/1999,4
2264,(2714),https://cqranking.com/common/flags/CMR.gif,MEKEM TSAKOU Jordan Noel,-,06/01/2002,4
2265,(-),https://cqranking.com/common/flags/FRA.gif,LECAMUS-LAMBERT Florentin,VCR,13/05/1999,4
2266,(-),https://cqranking.com/common/flags/FRA.gif,CLEMENT Thibaut,-,15/01/1993,4
2267,(-),https://cqranking.com/common/flags/MKD.gif,PETROVSKI Aleksandar,-,10/01/1993,4
2268,(-),https://cqranking.com/common/flags/SVK.gif,SOLTES Peter,-,21/03/2007,4
2269,(1858),https://cqranking.com/common/flags/ERI.gif,TESFAY Esrom,-,04/08/2003,4
2270,(-),https://cqranking.com/common/flags/AUS.gif,CAMPBELL Max,CBW,15/05/2001,4
2271,(-),https://cqranking.com/common/flags/URU.gif,BONILLA TECHERA Pablo Sandino,-,16/10/2004,4
2272,(-),https://cqranking.com/common/flags/CAN.gif,LAMOTHE Hubert,-,22/05/2007,4
2273,(-),https://cqranking.com/common/flags/BLR.gif,MARCHUK Dzianis,-,19/05/2000,4
2274,(-),https://cqranking.com/common/flags/SVK.gif,FEDOR Samuel,DKB,17/01/2006,4
2275,(-),https://cqranking.com/common/flags/PHI.gif,ORANZA Ronald Nozuelo,SIP,02/12/1992,4
2276,(-),https://cqranking.com/common/flags/MAR.gif,FARID Youssef,-,01/07/2004,4
2277,(-),https://cqranking.com/common/flags/NOR.gif,HANSEN Martin Solhaug,-,11/05/2003,4
2278,(-),https://cqranking.com/common/flags/ITA.gif,PASCARELLA Michele,TFD,24/03/2007,4
2279,(1131),https://cqranking.com/common/flags/RSA.gif,MATTHEWS Daniyal,TPC,25/01/1999,4
2280,(-),https://cqranking.com/common/flags/ESA.gif,ORELLANA Alfonso Vladimir,-,05/06/1978,4
2281,(-),https://cqranking.com/common/flags/FRA.gif,CHOBLET Pierre,-,16/01/2005,4
2282,(-),https://cqranking.com/common/flags/EGY.gif,MOHAMED Yasien,-,01/01/2006,4
2283,(-),https://cqranking.com/common/flags/KOS.gif,XHEMAJLI Arber,-,11/07/1993,4
2284,(1999),https://cqranking.com/common/flags/KOR.gif,CHOE Hyeong-min,-,15/04/1990,4
2285,(1420),https://cqranking.com/common/flags/COL.gif,GOMEZ GOMEZ Camilo Andres,-,29/04/2003,4
2286,(-),https://cqranking.com/common/flags/KAZ.gif,DINMUKHAMETOV Ramis,XAD,21/09/2000,4
2287,(-),https://cqranking.com/common/flags/POL.gif,WISNIEWSKI Szymon,LPP,19/12/2005,4
2288,(2339),https://cqranking.com/common/flags/PER.gif,ATENCIO GARCIA Arquimidis Clinion,-,20/04/1993,4
2289,(721),https://cqranking.com/common/flags/ESP.gif,SOTO GUIRAO Antonio Jesus,EKP,24/12/1994,4
2290,(2649),https://cqranking.com/common/flags/SIN.gif,BIN FAISAL Arfan,-,21/09/2000,4
2291,(-),https://cqranking.com/common/flags/BIH.gif,JURKOVIC Toni,-,08/11/1998,4
2292,(1990),https://cqranking.com/common/flags/BIH.gif,TALIC Kadija,-,01/12/1986,4
2293,(-),https://cqranking.com/common/flags/MKD.gif,NAUMOVSKI Bojan,-,21/02/1982,4
2294,(-),https://cqranking.com/common/flags/FRA.gif,LAURY Nicolas,-,28/12/2005,4
2295,(-),https://cqranking.com/common/flags/COL.gif,FLOREZ LOPEZ Miguel Eduardo,-,21/02/1996,4
2296,(2724),https://cqranking.com/common/flags/LES.gif,TLOUOE Thato,-,28/05/2006,4
2297,(-),https://cqranking.com/common/flags/GBR.gif,TIDBALL William,VVB,22/04/2000,4
2298,(-),https://cqranking.com/common/flags/ISR.gif,RITZ Yahli,-,19/03/2005,4
2299,(1235),https://cqranking.com/common/flags/COL.gif,GUATIBONZA BECERRA Jonathan Alexander,MOY,01/06/2004,4
2300,(-),https://cqranking.com/common/flags/IRL.gif,RYAN Stephen,-,26/12/1971,4
2301,(-),https://cqranking.com/common/flags/ESP.gif,FREIRE COBO Marcos,UAZ,16/07/2006,4
2302,(-),https://cqranking.com/common/flags/JPN.gif,YAMADA Takumi,SMN,01/11/2001,4
2303,(-),https://cqranking.com/common/flags/MDA.gif,ISTRATENCO Vladislav,-,27/06/2002,4
2304,(-),https://cqranking.com/common/flags/CAY.gif,AMELINE Jerome,-,09/04/1975,4
2305,(1754),https://cqranking.com/common/flags/TUR.gif,EGIN Ali,KBB,03/05/2003,4
2306,(2092),https://cqranking.com/common/flags/BAH.gif,ROKER Kenton,-,4,
2307,(-),https://cqranking.com/common/flags/ITA.gif,GUERRA Andrea,BTC,05/08/2001,4
2308,(-),https://cqranking.com/common/flags/NAM.gif,VAN DER WESTHUIZEN Theuns,-,23/03/2005,4
2309,(2565),https://cqranking.com/common/flags/CHN.gif,LI Chaoyi,CDT,13/11/2002,4
2310,(-),https://cqranking.com/common/flags/CRC.gif,AGUILAR GARITA Jose Ricardo,-,15/10/2001,4
2311,(-),https://cqranking.com/common/flags/ESP.gif,PARETA SALA Roger,MOY,08/03/2006,4
2312,(-),https://cqranking.com/common/flags/LCA.gif,VOLNEY Andray,-,30/11/1983,4
2313,(-),https://cqranking.com/common/flags/ZIM.gif,SIBINDI Amos,-,04/11/2001,4
2314,(-),https://cqranking.com/common/flags/BUR.gif,COMPAORE Isidore,-,00/00/2006,4
2315,(2045),https://cqranking.com/common/flags/SIN.gif,LIM Zhen Yu Darren,-,16/01/1998,4
2316,(-),https://cqranking.com/common/flags/ALG.gif,ABDENNEBI Khaled,-,28/12/1988,4
2317,(1422),https://cqranking.com/common/flags/MGL.gif,KHADBAATAR Temuulen,-,29/10/2004,4
2318,(1671),https://cqranking.com/common/flags/AUT.gif,MESSNER Martin,WSA,09/01/2000,4
2319,(-),https://cqranking.com/common/flags/BEL.gif,HUYSMANS Nolan,TFB,07/01/2006,4
2320,(-),https://cqranking.com/common/flags/POL.gif,KAPELA Marek,-,16/02/2004,4
2321,(-),https://cqranking.com/common/flags/GBR.gif,BJERGFELT William,-,04/12/1978,4
2322,(-),https://cqranking.com/common/flags/DOM.gif,HICIANO ORTEGA Joshua,-,03/10/2002,4
2323,(2873),https://cqranking.com/common/flags/AUT.gif,VIEHBÖCK Paul,TIR,09/03/2006,4
2324,(-),https://cqranking.com/common/flags/ESP.gif,JIMENEZ MARTINEZ Eleazar,-,23/09/2006,4
2325,(-),https://cqranking.com/common/flags/USA.gif,DRAKE Beckam,EFA,14/10/2007,4
2326,(-),https://cqranking.com/common/flags/ITA.gif,BAGNARA Luca,IPD,02/12/2003,4
2327,(-),https://cqranking.com/common/flags/MDA.gif,HARITONOV Andrei,-,05/03/1985,4
2328,(-),https://cqranking.com/common/flags/EST.gif,TAMMEPUU Riko,UNC,16/05/2007,4
2329,(1094),https://cqranking.com/common/flags/MEX.gif,PRIETO DE LUNA Jose Juan,-,01/01/2004,4
2330,(-),https://cqranking.com/common/flags/CAN.gif,MORIN Ben,NDT,27/08/2007,4
2331,(1823),https://cqranking.com/common/flags/JPN.gif,MIYAZAKI Taishi,ABZ,05/09/1999,4
2332,(1528),https://cqranking.com/common/flags/UAE.gif,ALSABBAGH Mohamed Humaid Mehrab,-,13/05/1998,4
2333,(-),https://cqranking.com/common/flags/NED.gif,WESTBROEK Collin,MET,10/09/2006,4
2334,(-),https://cqranking.com/common/flags/BEL.gif,VAN LOOVEREN Thijs,-,03/06/2002,4
2335,(-),https://cqranking.com/common/flags/NOR.gif,ANDERSEN Iver Tildheim,RSK,29/09/2000,4
2336,(-),https://cqranking.com/common/flags/MLT.gif,XERRI Carl,-,16/02/1996,4
2337,(1606),https://cqranking.com/common/flags/THA.gif,JUMCHAT Nattapol,TCC,24/06/1996,4
2338,(-),https://cqranking.com/common/flags/IRL.gif,O'KANE Sean,-,01/03/2004,4
2339,(1238),https://cqranking.com/common/flags/ALB.gif,DE FABRITIIS Gabriele,GSC,19/01/2005,4
2340,(2704),https://cqranking.com/common/flags/DOM.gif,BRITOS ARIAS Maicol,-,10/01/2001,4
2341,(-),https://cqranking.com/common/flags/USA.gif,HAINES Luca,TSL,17/06/2002,4
2342,(2607),https://cqranking.com/common/flags/BAR.gif,HOWARD Dominic,-,20/06/1999,4
2343,(-),https://cqranking.com/common/flags/URU.gif,CORUJO Cristian,-,02/04/1989,4
2344,(-),https://cqranking.com/common/flags/PHI.gif,CARCUEVA Jonel Pansacala,7RP,23/05/1995,4
2345,(1732),https://cqranking.com/common/flags/HKG.gif,MOW Ching Yin,HKS,05/06/1995,4
2346,(2650),https://cqranking.com/common/flags/SWE.gif,KAGEVI Carl,LUC,22/01/2002,4
2347,(2178),https://cqranking.com/common/flags/JPN.gif,MATSUI George,ART,25/02/2004,4
2348,(-),https://cqranking.com/common/flags/SUI.gif,WYSS Marcel,-,25/06/1986,4
2349,(2431),https://cqranking.com/common/flags/CRO.gif,PERAN Ian,-,24/10/2005,4
2350,(1398),https://cqranking.com/common/flags/LBN.gif,KAMALEDDINE Nafez,-,24/10/2001,4
2351,(2752),https://cqranking.com/common/flags/SWZ.gif,MOTSA Thabiso,-,11/10/1999,4
2352,(2618),https://cqranking.com/common/flags/SWE.gif,AHLSSON Jacob,-,03/08/1998,4
2353,(-),https://cqranking.com/common/flags/NED.gif,VAN VEENENDAAL Hidde,-,03/02/2001,4
2354,(-),https://cqranking.com/common/flags/BUR.gif,BOUDA Wahabou,-,07/06/1995,4
2355,(-),https://cqranking.com/common/flags/POL.gif,WLODARSKI Marcin,GSC,13/06/2007,4
2356,(-),https://cqranking.com/common/flags/BIZ.gif,FLOWERS Tarique,-,20/05/1996,4
2357,(-),https://cqranking.com/common/flags/HKG.gif,YIP Hon Man,-,26/05/2007,4
2358,(1212),https://cqranking.com/common/flags/KOR.gif,LIM Jong-won,LXC,17/01/2005,4
2359,(1854),https://cqranking.com/common/flags/RWA.gif,NGENDAHAYO Jeremie,MSR,29/04/2001,4
2360,(-),https://cqranking.com/common/flags/ARG.gif,FUNES Jorge Ignacio,-,19/01/1984,4
2361,(-),https://cqranking.com/common/flags/SUR.gif,SANDIE Jonathan,-,07/12/2001,4
2362,(-),https://cqranking.com/common/flags/CRO.gif,LEGOVIC Martin,-,21/08/1996,4
2363,(-),https://cqranking.com/common/flags/COL.gif,MANCIPE PUIN Andres Libardo,HIN,10/07/2002,4
2364,(1636),https://cqranking.com/common/flags/JPN.gif,KAZAMA Shoma,SMN,22/05/1996,4
2365,(2364),https://cqranking.com/common/flags/ANT.gif,WEATHERED Shawn,-,15/07/1976,4
2366,(-),https://cqranking.com/common/flags/LAO.gif,SIPHAKDY Souksavanh,-,07/08/2006,4
2367,(-),https://cqranking.com/common/flags/AND.gif,FUENTES CAPORALI Enzo,-,14/06/2005,4
2368,(2610),https://cqranking.com/common/flags/MAC.gif,LAO Long San,-,06/12/1998,4
2369,(2603),https://cqranking.com/common/flags/JAM.gif,BAILEY Barrington,-,22/01/1978,4
2370,(2347),https://cqranking.com/common/flags/BOT.gif,MALETE Abeng,-,03/11/1996,4
2371,(1383),https://cqranking.com/common/flags/INA.gif,ABDURRAHMAN Muhammad,JPC,16/05/1997,4
2372,(-),https://cqranking.com/common/flags/LBN.gif,WEHBE Jean,-,12/09/1999,4
2373,(2569),https://cqranking.com/common/flags/NOR.gif,SEKSE Jørgen,DRP,31/12/2005,4
2374,(-),https://cqranking.com/common/flags/BOL.gif,ROSAS ZARATE Brayan,-,26/08/2003,4
2375,(1605),https://cqranking.com/common/flags/ITA.gif,GARAVAGLIA Giacomo,SWT,03/07/1996,4
2376,(2557),https://cqranking.com/common/flags/ITA.gif,VENERI Raffaele,-,27/06/2002,4
2377,(-),https://cqranking.com/common/flags/AZE.gif,EYVAZOV Shahin,-,16/02/2001,4
2378,(2721),https://cqranking.com/common/flags/PAN.gif,CABALLERO GONZALEZ Michael,-,01/03/2003,4
2379,(-),https://cqranking.com/common/flags/CAN.gif,WEBSTER Zach,-,09/10/2002,4
2380,(1751),https://cqranking.com/common/flags/ESA.gif,ROMERO GRANADOS Jorge Alfredo,-,12/08/1995,4
2381,(-),https://cqranking.com/common/flags/UZB.gif,NEMATOV Abdurahmon,SAB,01/02/2005,4
2382,(-),https://cqranking.com/common/flags/INA.gif,VAN AERT Bernard Benyamin,NCT,08/09/1997,4
2383,(1634),https://cqranking.com/common/flags/BUL.gif,PAPANOV Martin,-,22/10/1999,4
2384,(-),https://cqranking.com/common/flags/CZE.gif,BITTNER Jan,KCR,23/06/2005,4
2385,(1973),https://cqranking.com/common/flags/ECU.gif,PITA HIDROBO Alejandro Bladimir,-,08/08/2004,4
2386,(1318),https://cqranking.com/common/flags/GUY.gif,NEWTON Aaron,-,23/03/2005,4
2387,(-),https://cqranking.com/common/flags/NAM.gif,HANEKOM Jaques,-,22/01/2003,4
2388,(-),https://cqranking.com/common/flags/BEL.gif,VANDENBULCKE Alex,HST,25/11/2001,4
2389,(2262),https://cqranking.com/common/flags/INA.gif,HERLANGGA Muhammad,NCT,09/11/2001,3
2390,(-),https://cqranking.com/common/flags/GER.gif,MEYER Julius,-,14/09/1998,3
2391,(-),https://cqranking.com/common/flags/POR.gif,LEAL Claudio,ALL,30/07/2004,3
2392,(-),https://cqranking.com/common/flags/ESP.gif,LASA LIZARRAGA Ailetz,TCA,15/03/2000,3
2393,(1211),https://cqranking.com/common/flags/GBR.gif,BAKER Rowan,-,04/03/2002,3
2394,(500),https://cqranking.com/common/flags/ERI.gif,GHEBREGERGISH Yoel Habteab,BAI,26/03/2004,3
2395,(940),https://cqranking.com/common/flags/MAS.gif,ROSLI Muhammad Nur Aiman,TSG,22/03/1999,3
2396,(-),https://cqranking.com/common/flags/FRA.gif,FERGUEN Yanis,-,14/08/1997,3
2397,(-),https://cqranking.com/common/flags/AUT.gif,HOFER Valentin,BVD,05/02/2007,3
2398,(-),https://cqranking.com/common/flags/GBR.gif,PAIN Caleb,-,29/06/2004,3
2399,(1807),https://cqranking.com/common/flags/BEL.gif,MEEUSSEN Witse,APD,08/03/2001,3
2400,(2616),https://cqranking.com/common/flags/NED.gif,WEULINK Meindert,AVV,15/05/1999,3
2401,(-),https://cqranking.com/common/flags/FRA.gif,MENANTEAU Lucas,VDU,25/02/2006,3
2402,(-),https://cqranking.com/common/flags/ESP.gif,GALVEZ LOPEZ Jorge,ALL,11/04/2000,3
2403,(1501),https://cqranking.com/common/flags/CMR.gif,NGUEGUIM Steve Auriol,-,15/06/2001,3
2404,(-),https://cqranking.com/common/flags/GER.gif,KREUZER Tobias,RRS,19/09/2000,3
2405,(-),https://cqranking.com/common/flags/VEN.gif,VILLASMIL PEÑA Alexander,-,27/02/1999,3
2406,(2315),https://cqranking.com/common/flags/NED.gif,NOORLOOS Casper,-,24/01/2004,3
2407,(1830),https://cqranking.com/common/flags/IRL.gif,DOOGAN Odhran,-,11/09/2003,3
2408,(1812),https://cqranking.com/common/flags/NZL.gif,JACKSON George,NZP,20/02/2000,3
2409,(-),https://cqranking.com/common/flags/AUS.gif,PAGE-BROWN Reuben,TBN,08/11/2006,3
2410,(-),https://cqranking.com/common/flags/BEL.gif,MICHIELSEN Thor,LTF,17/08/2007,3
2411,(2049),https://cqranking.com/common/flags/HUN.gif,SZIJARTO Zeteny,TUS,17/04/2003,3
2412,(2230),https://cqranking.com/common/flags/FRA.gif,JUILLARD Maximilien,VVB,13/12/2001,3
2413,(-),https://cqranking.com/common/flags/ECU.gif,COQUE GUERRA Anthony Sebastian,BES,27/10/2007,3
2414,(2627),https://cqranking.com/common/flags/FRA.gif,BAGUELIN Jocelyn,AAR,20/05/1999,3
2415,(-),https://cqranking.com/common/flags/NED.gif,MAAS Marijn,BCY,17/01/2002,3
2416,(-),https://cqranking.com/common/flags/BRA.gif,SOUSA SILVA Gabriel,LMS,13/05/2003,3
2417,(-),https://cqranking.com/common/flags/FRA.gif,HAMON Similien,CIC,11/09/2006,3
2418,(-),https://cqranking.com/common/flags/ITA.gif,MORLINO Luca,SOA,11/06/2007,3
2419,(-),https://cqranking.com/common/flags/ERI.gif,FISEHAYE Nebay,-,03/10/2004,3
2420,(-),https://cqranking.com/common/flags/NED.gif,ABMA Elmar,VWE,26/04/2004,3
2421,(2273),https://cqranking.com/common/flags/ITA.gif,BIONDANI Riccardo,GSC,16/09/2005,3
2422,(1816),https://cqranking.com/common/flags/ESP.gif,BONILLO MARTIN Iker,BOA,09/07/2003,3
2423,(-),https://cqranking.com/common/flags/ESP.gif,ROCA TRIAS Albert,-,29/06/2005,3
2424,(-),https://cqranking.com/common/flags/GER.gif,BOOS Benjamin,RRN,07/08/2003,3
2425,(-),https://cqranking.com/common/flags/ISR.gif,IDAN Saar,-,08/01/2006,3
2426,(-),https://cqranking.com/common/flags/MEX.gif,MARTINEZ HUERTA Jorge Fabrizio,-,29/01/2002,3
2427,(-),https://cqranking.com/common/flags/BOL.gif,SANCHEZ NAVIA Mario,-,25/03/2007,3
2428,(-),https://cqranking.com/common/flags/MGL.gif,BATSAIKHAN Bayanjargal,-,08/09/1996,3
2429,(-),https://cqranking.com/common/flags/DEN.gif,BØGE Noah,-,18/09/2006,3
2430,(-),https://cqranking.com/common/flags/NED.gif,RONHAAR Pim,BPL,20/07/2001,3
2431,(-),https://cqranking.com/common/flags/CAN.gif,PLAMONDON Robin,-,07/01/2000,3
2432,(-),https://cqranking.com/common/flags/BEL.gif,NUYENS Wies,PSC,17/02/2005,3
2433,(-),https://cqranking.com/common/flags/COL.gif,GONZALEZ SUESCA David Alejandro,MED,20/06/2002,3
2434,(1642),https://cqranking.com/common/flags/ESP.gif,ROTA RUS Raul,KSZ,18/11/1999,3
2435,(-),https://cqranking.com/common/flags/ESP.gif,ROCA SIQUIER Joan,-,11/04/2006,3
2436,(2312),https://cqranking.com/common/flags/USA.gif,CUSACK Nathan,EFA,31/07/2005,3
2437,(2877),https://cqranking.com/common/flags/CAN.gif,SEGUIN Gabriel,-,04/02/2006,3
2438,(-),https://cqranking.com/common/flags/CZE.gif,NOVAK Filip,MOY,12/11/2007,3
2439,(-),https://cqranking.com/common/flags/RUS.gif,GRIGORIEV Aleksandr,EFP,21/03/1992,3
2440,(1947),https://cqranking.com/common/flags/GER.gif,REISSIG Patrick,BUB,03/06/1994,3
2441,(-),https://cqranking.com/common/flags/RSA.gif,HORTER Matthew,-,27/11/2007,3
2442,(-),https://cqranking.com/common/flags/USA.gif,MCDONALD Brody,MAP,30/08/2002,3
2443,(2842),https://cqranking.com/common/flags/BRA.gif,DOMINGOS Kaua Werik,-,08/03/2004,3
2444,(-),https://cqranking.com/common/flags/NED.gif,BROMMERSMA Elmer,AVV,05/04/2007,3
2445,(1539),https://cqranking.com/common/flags/FRA.gif,TABELLION Valentin,AIX,23/03/1999,3
2446,(-),https://cqranking.com/common/flags/FRA.gif,BERGER Antoine,AUB,06/08/1999,3
2447,(-),https://cqranking.com/common/flags/AUT.gif,HOLZER Christoph,WSA,02/03/2005,3
2448,(-),https://cqranking.com/common/flags/FRA.gif,LEQUET Corentin,-,26/08/2004,3
2449,(-),https://cqranking.com/common/flags/FRA.gif,CHAMPENOIS Tom,SCO,16/03/2007,3
2450,(1971),https://cqranking.com/common/flags/DEN.gif,HELLERUP Malte,TCQ,07/04/2004,3
2451,(1959),https://cqranking.com/common/flags/ECU.gif,CAICEDO CEPEDA David Sebastian,-,21/06/2001,3
2452,(1567),https://cqranking.com/common/flags/CMR.gif,CHOFOR TWICAM Fabrice,-,03/04/1998,3
2453,(-),https://cqranking.com/common/flags/BRA.gif,FERNANDES Peterson Augusto Senegaglea,-,12/10/2005,3
2454,(-),https://cqranking.com/common/flags/PHI.gif,MONTEMAYOR Emmanuel Dave,G4G,09/06/2001,3
2455,(-),https://cqranking.com/common/flags/SUI.gif,SOMMER Lars,-,11/10/2002,3
2456,(-),https://cqranking.com/common/flags/THA.gif,SAKUNTAE Thanapat,-,04/12/2007,3
2457,(-),https://cqranking.com/common/flags/CMR.gif,KAMDEM FODJO Jordan,MSR,11/02/1999,3
2458,(-),https://cqranking.com/common/flags/GRE.gif,SIFOUNIOS Michael Timotheos,PPI,03/08/2007,3
2459,(-),https://cqranking.com/common/flags/ITA.gif,SCAGLIOLA Gabriele,LTF,20/03/2007,3
2460,(1039),https://cqranking.com/common/flags/CRC.gif,BONILLA QUIROS Daniel Andres,-,18/10/1993,3
2461,(1760),https://cqranking.com/common/flags/AUS.gif,MEDWAY Jackson,TUU,15/10/2004,3
2462,(-),https://cqranking.com/common/flags/ESP.gif,ZARAGOZA PASCUAL Vicent,-,29/02/2004,3
2463,(-),https://cqranking.com/common/flags/HUN.gif,ENDREDI Mate,TUS,22/09/2005,3
2464,(2153),https://cqranking.com/common/flags/UKR.gif,BASARABA Mykhailo,-,01/10/2004,3
2465,(2152),https://cqranking.com/common/flags/BEL.gif,DE MOYER Kenay,-,22/07/2004,3
2466,(-),https://cqranking.com/common/flags/RUS.gif,VIUNOSHEV Mikhail,-,24/11/2001,3
2467,(1548),https://cqranking.com/common/flags/TUR.gif,ERKAN Muhammed,KBB,30/08/2001,2
2468,(1255),https://cqranking.com/common/flags/CRC.gif,GRANADOS BONILLA Alejandro,-,31/08/2004,2
2469,(-),https://cqranking.com/common/flags/BEL.gif,WERTZ Hugo,CCA,15/09/2004,2
2470,(-),https://cqranking.com/common/flags/JPN.gif,SATO Hikaru,-,25/10/2002,2
2471,(2644),https://cqranking.com/common/flags/SXM.gif,MAIDWELL Mark,-,09/11/1967,2
2472,(-),https://cqranking.com/common/flags/NED.gif,DE JONG Jeen,UNI,05/01/1996,2
2473,(-),https://cqranking.com/common/flags/ITA.gif,BERTOLLI Samuel,TFD,29/05/2005,2
2474,(2754),https://cqranking.com/common/flags/CPV.gif,MONTEIRO DIAS Gilberto,-,07/09/2006,2
2475,(-),https://cqranking.com/common/flags/BRA.gif,CONSTANTINO Matheus,LMS,23/09/2006,2
2476,(-),https://cqranking.com/common/flags/DEN.gif,WEIGELT Mikkel Bang Fredsø,-,05/11/2007,2
2477,(-),https://cqranking.com/common/flags/ITA.gif,GARDANI Simone,BTC,03/04/2007,2
2478,(-),https://cqranking.com/common/flags/NOR.gif,LAFORCE Aksel,RSK,15/04/2006,2
2479,(-),https://cqranking.com/common/flags/CYP.gif,VASILOUDES BAYADAS Orpheas,-,20/10/2006,2
2480,(-),https://cqranking.com/common/flags/ESP.gif,MONTURIOL QUINDOS Narcis,-,30/07/2007,2
2481,(1842),https://cqranking.com/common/flags/ANT.gif,FLEMING Abbiel,-,05/01/1982,2
2482,(-),https://cqranking.com/common/flags/UZB.gif,ABDIKODIROV Djurabek,-,20/08/2006,2
2483,(-),https://cqranking.com/common/flags/UZB.gif,MIRZALIEV Shakhzod,-,08/10/2006,2
2484,(2311),https://cqranking.com/common/flags/DEN.gif,NIELSEN Thor Vangsø,GSH,26/06/2006,2
2485,(-),https://cqranking.com/common/flags/MKD.gif,PETRUSHEVSKI David,-,13/12/1996,2
2486,(-),https://cqranking.com/common/flags/LUX.gif,MEYERS Charel,-,24/05/2000,2
2487,(-),https://cqranking.com/common/flags/AUS.gif,CORRELL Alexander,CBW,30/05/2007,2
2488,(2643),https://cqranking.com/common/flags/BIH.gif,PIHLJAK Tarik,-,12/03/1996,2
2489,(1329),https://cqranking.com/common/flags/NED.gif,WIJFJE Tom,UNI,06/02/1998,2
2490,(2422),https://cqranking.com/common/flags/MLT.gif,BORG Luke,-,24/06/2002,2
2491,(2642),https://cqranking.com/common/flags/KOS.gif,BINAKAJ Valon,-,18/05/1990,2
2492,(-),https://cqranking.com/common/flags/ISL.gif,BJARNASON Bjorgvin Haukur,-,21/01/2002,2
2493,(-),https://cqranking.com/common/flags/SVK.gif,ZAHOREC Filip,DKB,01/06/2007,2
2494,(2592),https://cqranking.com/common/flags/NED.gif,NIJSSEN Kenny,UNI,06/09/1990,2
2495,(1483),https://cqranking.com/common/flags/VEN.gif,QUINTERO ARTEAGA Leonel,VCH,13/03/1997,2
2496,(-),https://cqranking.com/common/flags/JOR.gif,ALHMOUD Ismael,-,2,
2497,(-),https://cqranking.com/common/flags/BEN.gif,HOUETO Emile,-,19/09/1999,2
2498,(-),https://cqranking.com/common/flags/MDA.gif,TCACENKO Alexandr,-,02/03/2002,2
2499,(-),https://cqranking.com/common/flags/LAO.gif,CHINNACHACK Salibout,-,26/06/2007,2
2500,(2344),https://cqranking.com/common/flags/LTU.gif,LASINIS Venantas,-,26/02/1997,2
2501,(-),https://cqranking.com/common/flags/SWE.gif,LOVIDIUS Edvin,UNC,02/03/2002,2
2502,(-),https://cqranking.com/common/flags/FRA.gif,BLANC Johan,CGF,14/05/2007,2
2503,(-),https://cqranking.com/common/flags/SWE.gif,PERSSON Filip,-,11/10/2006,2
2504,(1615),https://cqranking.com/common/flags/COL.gif,CHAVES TORRES Jhonathan Steven,TNC,13/02/2001,2
2505,(1762),https://cqranking.com/common/flags/FRA.gif,LE NY Benjamin,-,26/07/1999,2
2506,(-),https://cqranking.com/common/flags/GER.gif,JOHN Vincent,SIC,13/12/2004,2
2507,(-),https://cqranking.com/common/flags/GRE.gif,MOUTSIOS Martinos,-,07/09/2001,2
2508,(-),https://cqranking.com/common/flags/SUR.gif,KOORNDIJK Ernesto,-,12/10/2002,2
2509,(-),https://cqranking.com/common/flags/ITA.gif,BASSO Davide,BTC,11/02/2004,2
2510,(-),https://cqranking.com/common/flags/RWA.gif,NSHUTIRAGUMA Kevin,-,22/11/2006,2
2511,(-),https://cqranking.com/common/flags/GER.gif,STERNSDORFF Lennard,BAI,06/10/2004,2
2512,(1822),https://cqranking.com/common/flags/ARG.gif,PAEZ Mauricio Pablo Javier,-,01/02/1987,2
2513,(-),https://cqranking.com/common/flags/FRA.gif,SEGUIN Yanis,-,28/01/2003,2
2514,(2751),https://cqranking.com/common/flags/CRO.gif,BLAZEVIC Jonathan,-,22/07/1994,2
2515,(-),https://cqranking.com/common/flags/BAR.gif,BRATHWAITE Kamali,-,25/04/2005,2
2516,(-),https://cqranking.com/common/flags/POL.gif,RADOSZ Maksymilian,MSP,25/09/2003,2
2517,(2241),https://cqranking.com/common/flags/IRI.gif,GHAVAMI Ramyar,-,24/03/2002,2
2518,(-),https://cqranking.com/common/flags/NED.gif,SCHULTEN Chiel,EEW,22/06/1999,2
2519,(-),https://cqranking.com/common/flags/GER.gif,ALBRECHT Pepe,RRN,22/08/2006,2
2520,(-),https://cqranking.com/common/flags/NED.gif,TIJSSEN Viego,-,05/04/2005,2
2521,(2486),https://cqranking.com/common/flags/MAC.gif,LEI Kwok Hung,-,03/10/1979,2
2522,(-),https://cqranking.com/common/flags/SWZ.gif,ZWANE Mduduzi,-,27/02/1996,2
2523,(-),https://cqranking.com/common/flags/VEN.gif,RINCON PEÑUELA German,-,10/11/1998,2
2524,(-),https://cqranking.com/common/flags/NAM.gif,DE LANGE Tristan,-,15/06/1997,2
2525,(-),https://cqranking.com/common/flags/SWE.gif,REINHOLD Vilgot,LUC,04/11/2007,2
2526,(-),https://cqranking.com/common/flags/BIZ.gif,LEVY Dylan,-,07/03/2001,2
2527,(-),https://cqranking.com/common/flags/BEL.gif,DHAEYE Enrico,-,02/02/2001,2
2528,(-),https://cqranking.com/common/flags/ESP.gif,JIMENEZ BLAZQUEZ Jose Ramon,-,12/06/2004,2
2529,(-),https://cqranking.com/common/flags/BEL.gif,BODEN Rune,APD,12/07/2007,2
2530,(-),https://cqranking.com/common/flags/COL.gif,MONTOYA GIRALDO Cristhian,-,04/08/1989,2
2531,(-),https://cqranking.com/common/flags/RUS.gif,SHULCHENKO Nikita,DFT,31/05/1999,2
2532,(-),https://cqranking.com/common/flags/UAE.gif,ALWHEIBI Saeed,-,13/04/1998,2
2533,(-),https://cqranking.com/common/flags/TTO.gif,ALEXANDER Joshua Stephen,-,26/07/1984,2
2534,(-),https://cqranking.com/common/flags/POR.gif,PINTO Pedro Castro,GSU,13/06/2004,2
2535,(-),https://cqranking.com/common/flags/POR.gif,MORAIS Francisco Grilo,TAV,27/08/1998,2
2536,(1924),https://cqranking.com/common/flags/CRC.gif,LEDEZMA ARAYA Jexon Jose,-,01/11/2004,2
2537,(-),https://cqranking.com/common/flags/PER.gif,CONDORI CONTRERAS Aldair,-,20/02/2002,2
2538,(2163),https://cqranking.com/common/flags/ECU.gif,POZO ROBLES Erik Fernando,BES,28/06/2005,2
2539,(2742),https://cqranking.com/common/flags/ANG.gif,TEIXEIRA Cristian,-,27/08/2005,2
2540,(-),https://cqranking.com/common/flags/ANT.gif,KING Jomari,-,29/04/2007,2
2541,(2831),https://cqranking.com/common/flags/LAT.gif,KOVGERS Kristers,-,24/11/1992,2
2542,(-),https://cqranking.com/common/flags/SUI.gif,CASAGRANDE Diego,TUU,05/08/2004,2
2543,(-),https://cqranking.com/common/flags/AUS.gif,CLARK Jack,-,29/01/2006,2
2544,(-),https://cqranking.com/common/flags/ESP.gif,SORIANO GARCIA Iker,-,05/11/2004,2
2545,(1234),https://cqranking.com/common/flags/MEX.gif,MUÑIZ VASQUEZ Jose Ramon,CAJ,19/04/2002,2
2546,(2715),https://cqranking.com/common/flags/RSA.gif,VAN NIEKERK Emile,TPC,23/06/2004,2
2547,(-),https://cqranking.com/common/flags/GBR.gif,HINDS Max,NIA,09/04/2007,2
2548,(2883),https://cqranking.com/common/flags/ISR.gif,BEN ARI Roi,-,20/06/2006,2
2549,(-),https://cqranking.com/common/flags/ECU.gif,MONTENEGRO FARINANGO Jhonatan Byron,-,21/11/2002,2
2550,(-),https://cqranking.com/common/flags/VEN.gif,PEÑA GONZALEZ Miguel Javier,-,24/05/2004,2
2551,(-),https://cqranking.com/common/flags/BIZ.gif,GABOUREL Goran,-,10/09/2004,2
2552,(-),https://cqranking.com/common/flags/BEL.gif,HULSMANS Senne,VWE,22/10/2003,2
2553,(1713),https://cqranking.com/common/flags/ETH.gif,TESFAY Teklehaymanot Amanuel,MSR,23/06/2005,2
2554,(-),https://cqranking.com/common/flags/ALG.gif,SASSI Cheems Eddine,-,24/05/1989,2
2555,(-),https://cqranking.com/common/flags/ITA.gif,FORLIN Daniele,MOY,03/11/2007,2
2556,(2498),https://cqranking.com/common/flags/IRI.gif,ASKARI Hossein,-,23/03/1975,2
2557,(-),https://cqranking.com/common/flags/GBS.gif,TE Feliciano Jose,-,13/05/1993,2
2558,(2263),https://cqranking.com/common/flags/NZL.gif,HARRIS Jonty,7RP,30/08/2003,2
2559,(1267),https://cqranking.com/common/flags/NOR.gif,STENSBY Anton,-,17/01/2001,2
2560,(2590),https://cqranking.com/common/flags/BER.gif,RICHARDSON Che'quan,-,23/09/1993,2
2561,(1380),https://cqranking.com/common/flags/SIN.gif,YEO Boon Kiak,-,07/03/1988,2
2562,(-),https://cqranking.com/common/flags/KGZ.gif,VELIAMOV Daniiar,-,20/12/2002,2
2563,(-),https://cqranking.com/common/flags/POL.gif,LYZWA Bartosz,-,12/01/2007,2
2564,(-),https://cqranking.com/common/flags/GBR.gif,MCKAY James,-,21/03/1997,2
2565,(-),https://cqranking.com/common/flags/MAR.gif,M'HAH Yassine,SUS,04/02/2007,2
2566,(-),https://cqranking.com/common/flags/MRI.gif,LINCOLN Yannick,-,30/12/1982,2
2567,(-),https://cqranking.com/common/flags/FRA.gif,SORANZO Mael,AIX,11/11/2004,2
2568,(-),https://cqranking.com/common/flags/VEN.gif,RUJANO VELAZQUEZ Jeison Jose,-,18/08/2001,2
2569,(1165),https://cqranking.com/common/flags/RWA.gif,NKUNDABERA Eric,-,01/01/1997,2
2570,(-),https://cqranking.com/common/flags/EGY.gif,ELSHINAWY Ahmed Esameldin,-,14/03/1997,2
2571,(-),https://cqranking.com/common/flags/AUS.gif,REES Brent,-,22/08/1998,2
2572,(916),https://cqranking.com/common/flags/FRA.gif,BENNETT Stéfan,ECT,15/04/1992,2
2573,(-),https://cqranking.com/common/flags/BOT.gif,WATSON-BEN Carlyn,-,17/04/2007,2
2574,(2729),https://cqranking.com/common/flags/BOL.gif,CANAVIRI CHOQUE Samuel,-,26/06/2002,2
2575,(-),https://cqranking.com/common/flags/GER.gif,NIEHUES Sebastian,-,27/07/1999,2
2576,(-),https://cqranking.com/common/flags/AUT.gif,EICHINGER Daniel,-,23/10/1995,2
2577,(2671),https://cqranking.com/common/flags/CHN.gif,CAO Houwang,CCT,15/10/2003,2
2578,(-),https://cqranking.com/common/flags/HON.gif,VASQUEZ GARCIA Sergio,-,05/02/2003,2
2579,(-),https://cqranking.com/common/flags/KEN.gif,KARANJA Peter,-,23/05/1998,2
2580,(-),https://cqranking.com/common/flags/EGY.gif,ELHUSSEINI KHALIL Assem,-,14/07/2000,2
2581,(-),https://cqranking.com/common/flags/LAO.gif,XAYALATH Thongmany,-,18/06/1985,2
2582,(2385),https://cqranking.com/common/flags/ZIM.gif,CHAKAZA Amos,-,00/00/1988,2
2583,(2021),https://cqranking.com/common/flags/GUA.gif,TOC XON Fredy Orlando,-,19/09/1997,2
2584,(2091),https://cqranking.com/common/flags/MKD.gif,NASTEVSKI Slobodan,-,27/09/1985,2
2585,(1435),https://cqranking.com/common/flags/MAR.gif,RAHIL Zouhair,SUS,26/11/1993,2
2586,(-),https://cqranking.com/common/flags/SIN.gif,TOH Brayden,-,09/05/2007,2
2587,(-),https://cqranking.com/common/flags/LCA.gif,CELESTIN Joshua,-,27/11/2009,2
2588,(-),https://cqranking.com/common/flags/COL.gif,QUIROZ AYALA Oscar Adalberto,TNC,03/07/1994,2
2589,(-),https://cqranking.com/common/flags/ANG.gif,LUCAMBA Jose Omar Meirinhos,-,29/04/2006,2
2590,(-),https://cqranking.com/common/flags/JPN.gif,KUBOKI Kazushige,TUK,06/06/1989,2
2591,(1729),https://cqranking.com/common/flags/CZE.gif,TUREK Daniel,FGI,19/01/1993,2
2592,(-),https://cqranking.com/common/flags/DEN.gif,VESTERGAARD Sebastian,BPC,03/02/2006,2
2593,(2558),https://cqranking.com/common/flags/FRA.gif,PAVIS Evan,VDU,03/01/2005,2
2594,(-),https://cqranking.com/common/flags/MLI.gif,SIDIBE Sibiri,-,02/04/2007,2
2595,(1663),https://cqranking.com/common/flags/URU.gif,MALDONADO SANCHEZ Anderson Samuel,-,17/10/1994,2
2596,(-),https://cqranking.com/common/flags/LES.gif,THULO Karabo,-,24/05/1991,2
2597,(-),https://cqranking.com/common/flags/BEL.gif,VAN DEN MEERSSCHE Warre,-,18/07/2004,2
2598,(2702),https://cqranking.com/common/flags/DEN.gif,HUNDT August Birk,-,03/05/2005,2
2599,(1064),https://cqranking.com/common/flags/ETH.gif,HAILEMARYAM Gereziher Geremedhin,-,10/05/2005,2
2600,(-),https://cqranking.com/common/flags/ARG.gif,PUJO Adriano,-,23/02/1990,2
2601,(2481),https://cqranking.com/common/flags/KOR.gif,HONG Young-taek,-,13/07/2004,2
2602,(-),https://cqranking.com/common/flags/DEN.gif,HAANING Sebastian,-,21/09/2006,2
2603,(-),https://cqranking.com/common/flags/URU.gif,CLARA SARAVIA Federico Marcel,-,04/05/1994,2
2604,(-),https://cqranking.com/common/flags/BEL.gif,VERBRUGGE Jasper,HBG,01/02/2007,2
2605,(1320),https://cqranking.com/common/flags/VEN.gif,TORRES CASTELLANOS Edwin Yair,-,14/02/1997,2
2606,(-),https://cqranking.com/common/flags/BLR.gif,GRINKEVICH Mark,-,31/01/2001,2
2607,(2694),https://cqranking.com/common/flags/NAM.gif,KEY Adrian,-,26/08/2005,2
2608,(2281),https://cqranking.com/common/flags/CHN.gif,YU Jiaqing,CAT,05/08/2004,2
2609,(2545),https://cqranking.com/common/flags/COL.gif,ALARCON PAEZ Julian David,PRC,19/06/2002,2
2610,(-),https://cqranking.com/common/flags/ITA.gif,FRIGO Davide,NIA,22/01/2007,2
2611,(-),https://cqranking.com/common/flags/KOR.gif,JANG Jun-u,SCT,12/12/2007,2
2612,(2375),https://cqranking.com/common/flags/AUT.gif,GERETSCHNIG Martin,-,24/08/1988,2
2613,(-),https://cqranking.com/common/flags/ITA.gif,DALLE CRODE Lorenzo,UTC,18/02/2007,2
2614,(-),https://cqranking.com/common/flags/KAZ.gif,BEISEMBAY Mansur,XAD,09/01/2006,2
2615,(-),https://cqranking.com/common/flags/CPV.gif,MONTEIRO Klisman David,-,14/09/1996,2
2616,(-),https://cqranking.com/common/flags/BEL.gif,HANNES Kamiel,AAR,15/12/2007,2
2617,(2667),https://cqranking.com/common/flags/UAE.gif,ALHAMMADI Ali Eissa Abdulla,-,30/01/2000,2
2618,(-),https://cqranking.com/common/flags/ZIM.gif,PEEBLES Andrew,-,09/01/1989,2
2619,(-),https://cqranking.com/common/flags/FRA.gif,CASI-VIALLET Isao Robin,-,01/12/2003,2
2620,(1140),https://cqranking.com/common/flags/FRA.gif,BONIFACE Lucas,-,24/10/2000,2
2621,(-),https://cqranking.com/common/flags/DEN.gif,LOUW LARSEN Oskar,GSH,27/12/2007,2
2622,(-),https://cqranking.com/common/flags/FRA.gif,DENIS Thomas,-,18/07/1997,2
2623,(2218),https://cqranking.com/common/flags/ITA.gif,QUARANTA Samuel,GSC,15/04/2002,2
2624,(-),https://cqranking.com/common/flags/CHI.gif,MANBRAN SANCHEZ Ignacio,-,20/04/2006,2
2625,(-),https://cqranking.com/common/flags/PUR.gif,ORTIZ PEREZ Orlando,-,22/01/1998,2
2626,(-),https://cqranking.com/common/flags/BEL.gif,DE SCHAMPHELEIRE Jonas,-,30/10/2003,2
2627,(-),https://cqranking.com/common/flags/PUR.gif,ESTRADA MIRANDA Kevin,-,22/05/2005,2
2628,(-),https://cqranking.com/common/flags/BRA.gif,VIEIRA Renan,-,08/02/1991,2
2629,(-),https://cqranking.com/common/flags/GBR.gif,LARKIN Mak,-,19/06/2007,2
2630,(2706),https://cqranking.com/common/flags/MNE.gif,HADZIABLAHOVIC Hasan,-,13/11/1995,2
2631,(-),https://cqranking.com/common/flags/ALB.gif,LLANA Habib,-,06/04/2007,2
2632,(-),https://cqranking.com/common/flags/COL.gif,GOMEZ MARIN David Santiago,-,22/01/1999,2
2633,(-),https://cqranking.com/common/flags/BEL.gif,HEMERYCK Wout,-,05/05/2006,2
2634,(-),https://cqranking.com/common/flags/GUA.gif,TORRES YUMAN Melvin Eduardo,HIN,14/05/2005,2
2635,(-),https://cqranking.com/common/flags/USA.gif,STOKES Ben,-,02/01/2005,2
2636,(-),https://cqranking.com/common/flags/IRL.gif,CONROY Jack,-,27/07/2004,2
2637,(-),https://cqranking.com/common/flags/DOM.gif,GARCIA OLIVO Lisander Michael,-,24/11/2000,2
2638,(2115),https://cqranking.com/common/flags/POR.gif,CARVALHO Andre Rodrigues,ALL,31/10/1997,2
2639,(1635),https://cqranking.com/common/flags/DOM.gif,POLANCO ELENA Manuel Steven,-,30/05/2000,2
2640,(2213),https://cqranking.com/common/flags/COL.gif,BARBOZA NADER Juan Manuel,-,27/09/2000,1
2641,(-),https://cqranking.com/common/flags/BEL.gif,DECABOOTER Lance,-,22/08/2001,1
2642,(-),https://cqranking.com/common/flags/NED.gif,VAN DE PUT Luke,-,15/11/2000,1
2643,(-),https://cqranking.com/common/flags/RUS.gif,KAZAKOV Daniil,-,08/01/2005,1
2644,(-),https://cqranking.com/common/flags/POL.gif,LISTWON Mikolaj,-,12/11/2007,1
2645,(-),https://cqranking.com/common/flags/HUN.gif,PALUMBY Zsomber,TUS,06/06/1996,1
2646,(962),https://cqranking.com/common/flags/SUI.gif,HUBER Jan,TUU,28/05/2005,1
2647,(-),https://cqranking.com/common/flags/CHN.gif,QU Chengjun,-,24/02/2004,1
2648,(-),https://cqranking.com/common/flags/GER.gif,BENZ Benedikt,LTF,24/05/2007,1
2649,(-),https://cqranking.com/common/flags/FRA.gif,HENRIETTE Christopher,-,18/09/2005,1
2650,(-),https://cqranking.com/common/flags/ARG.gif,DIAZ Rodrigo Daniel,-,12/01/2002,1
2651,(-),https://cqranking.com/common/flags/MEX.gif,ZARATE ANIMA Michael,-,11/03/2004,1
2652,(2160),https://cqranking.com/common/flags/DEN.gif,TROELSEN Tore,TCQ,17/06/2005,1
2653,(2605),https://cqranking.com/common/flags/BEL.gif,VAN DYCK Wesley,-,15/09/1994,1
2654,(-),https://cqranking.com/common/flags/VEN.gif,GARCIA VERA Moises Alenjandro,-,22/04/2005,1
2655,(-),https://cqranking.com/common/flags/CZE.gif,POKORNY Ondrej,SKC,15/05/2004,1
2656,(-),https://cqranking.com/common/flags/FRA.gif,DROUET Jules,BAC,14/04/2006,1
2657,(-),https://cqranking.com/common/flags/NOR.gif,ROKKE Sondre,-,05/12/2003,1
2658,(-),https://cqranking.com/common/flags/ESP.gif,BENNASSAR ROSSELLO Francesc,-,08/07/2002,1
2659,(-),https://cqranking.com/common/flags/COL.gif,HOYOS CASTRO David Esteban,TNC,20/10/2004,1
2660,(-),https://cqranking.com/common/flags/FRA.gif,DEVANNE Antoine,-,16/09/2000,1
2661,(-),https://cqranking.com/common/flags/UZB.gif,RAKHMATOV Javlon,-,02/05/2006,1
2662,(-),https://cqranking.com/common/flags/IRL.gif,CROWLEY Liam,-,02/04/2002,1
2663,(-),https://cqranking.com/common/flags/GRE.gif,ATHANASIADIS Alexandros,-,18/10/2003,1
2664,(2619),https://cqranking.com/common/flags/IRL.gif,KEOGH Cian,APS,06/04/1999,1
2665,(-),https://cqranking.com/common/flags/LUX.gif,THILL Tom,-,31/03/1990,1
2666,(-),https://cqranking.com/common/flags/AUS.gif,HONE Levi,TBN,27/06/2006,1
2667,(-),https://cqranking.com/common/flags/FRA.gif,COYOT Sacha,VCR,01/05/2007,1
2668,(1792),https://cqranking.com/common/flags/GUA.gif,VASQUEZ ORDOÑEZ Adolfo Bernabe,HIN,25/01/1995,1
2669,(1386),https://cqranking.com/common/flags/RSA.gif,MAHLANGU Thokozani,TPC,24/11/1990,1
2670,(1893),https://cqranking.com/common/flags/POR.gif,MEDEIROS Joao Pedro,LAA,04/08/2000,1
2671,(-),https://cqranking.com/common/flags/CHN.gif,ZHANG Hao,CCT,01/09/2005,1
2672,(-),https://cqranking.com/common/flags/DEN.gif,ØHLENSCHLAEGER Kasper Jul,TGS,19/02/2002,1
2673,(-),https://cqranking.com/common/flags/FRA.gif,CARENE Boris,-,07/12/1985,1
2674,(-),https://cqranking.com/common/flags/NED.gif,VAN LIEROP Danny,-,20/08/2003,1
2675,(-),https://cqranking.com/common/flags/ESP.gif,MORA VEDRI Sebastian,-,19/02/1988,1
2676,(-),https://cqranking.com/common/flags/ESP.gif,ARTIGUES COSANO Jordi,-,29/09/2004,1
2677,(2632),https://cqranking.com/common/flags/CHN.gif,WANG Ruidong,LNS,08/07/2000,1
2678,(1717),https://cqranking.com/common/flags/COL.gif,GARCIA GOMEZ Estiven,ESC,18/11/2004,1
2679,(-),https://cqranking.com/common/flags/BEL.gif,JAMIN Antoine,AAR,23/03/2005,1
2680,(-),https://cqranking.com/common/flags/NED.gif,VAN DER POEL Tim,-,05/02/2005,1
2681,(-),https://cqranking.com/common/flags/CHI.gif,GALLO FLORIDO Ignacio,PPZ,07/12/2000,1
2682,(-),https://cqranking.com/common/flags/SVK.gif,JAVOR Jakub,DKB,20/01/2007,1
2683,(1060),https://cqranking.com/common/flags/MAR.gif,EL ALOUANI Driss,-,30/01/2003,1
2684,(1053),https://cqranking.com/common/flags/USA.gif,DUNHAM Ethan,APS,27/02/2003,1
2685,(-),https://cqranking.com/common/flags/USA.gif,FELTON Quinn,PEC,06/08/2002,1
2686,(-),https://cqranking.com/common/flags/VEN.gif,MEDINA FREITEZ Rafael Eduardo,-,13/10/1994,1
2687,(-),https://cqranking.com/common/flags/GER.gif,VOEGE Lennart,TSM,05/02/2000,1
2688,(1881),https://cqranking.com/common/flags/RUS.gif,MAIKIN Roman,-,14/08/1990,1
2689,(2275),https://cqranking.com/common/flags/SUI.gif,BENAREAU Victor,-,12/04/2005,1
2690,(2690),https://cqranking.com/common/flags/GUA.gif,PANJOJ AJQUIJAY Adonias Nelson,-,24/10/2002,1
2691,(-),https://cqranking.com/common/flags/CAN.gif,CHATEAUNEUF Alexandre,-,27/03/2003,1
2692,(-),https://cqranking.com/common/flags/NED.gif,SMIT Stan,-,13/01/2006,1
2693,(-),https://cqranking.com/common/flags/DEN.gif,RØSSEL Alexander Kamstrup,-,28/06/2007,1
2694,(-),https://cqranking.com/common/flags/POR.gif,MARTINS Joao Silva,LAA,27/03/2004,1
2695,(993),https://cqranking.com/common/flags/MEX.gif,GARCIA TREJO Carlos Alfonso,-,21/11/2003,1
2696,(-),https://cqranking.com/common/flags/FRA.gif,BOUTELOUP Alexis,DCD,17/01/2007,1
2697,(-),https://cqranking.com/common/flags/EST.gif,KURITS Joonas,-,15/04/2002,1
2698,(-),https://cqranking.com/common/flags/POR.gif,SILVA Joao,ACR,15/01/2007,1
2699,(-),https://cqranking.com/common/flags/ERI.gif,HABTOM Hiyab,-,19/11/2004,1
2700,(-),https://cqranking.com/common/flags/ECU.gif,NAVARRETE NAVARRETE Segundo Mesias,-,21/05/1985,1
2701,(1301),https://cqranking.com/common/flags/GER.gif,THEILER Ole,RRN,08/10/2002,1
2702,(-),https://cqranking.com/common/flags/GBR.gif,KING Matthew,-,20/10/1995,1
2703,(-),https://cqranking.com/common/flags/UZB.gif,LUTFULLAYEV Pardaboy,-,23/09/2006,1
2704,(-),https://cqranking.com/common/flags/URU.gif,RACEDO CIOL Robert Ortilio,-,08/02/1998,1
2705,(-),https://cqranking.com/common/flags/CZE.gif,STREJCEK Adam,-,24/11/2006,1
2706,(2553),https://cqranking.com/common/flags/FRA.gif,MAINGUENAUD Lucas,VVB,04/03/2004,1
2707,(-),https://cqranking.com/common/flags/BEL.gif,DE GRAEVE Quinten,TNN,24/10/2000,1
2708,(-),https://cqranking.com/common/flags/UZB.gif,KIRONOV Jurabek,-,26/05/2006,1
2709,(2693),https://cqranking.com/common/flags/KAZ.gif,BASHLYKOV Vladislav,XAD,06/03/2005,1
2710,(1829),https://cqranking.com/common/flags/GBR.gif,PAIGE Charles,BAC,07/07/2001,1
2711,(-),https://cqranking.com/common/flags/BRA.gif,GALVAO Guilherme Freitas,-,10/04/2006,1
2712,(-),https://cqranking.com/common/flags/FRA.gif,JULLIAN Evan,-,14/01/2006,1
2713,(-),https://cqranking.com/common/flags/RSA.gif,VISAGIE Willem,-,12/07/2005,1
2714,(-),https://cqranking.com/common/flags/POL.gif,ZUBER Adam,-,25/12/1979,1
2715,(-),https://cqranking.com/common/flags/AUT.gif,HOLZKNECHT Jonas,TIR,09/11/2004,1
2716,(-),https://cqranking.com/common/flags/USA.gif,ELPHINGSTONE Luke,PEC,28/02/2003,1
2717,(-),https://cqranking.com/common/flags/MAS.gif,MAZUKI Nur Amirull Fakhruddin,TSG,24/01/1992,1
2718,(-),https://cqranking.com/common/flags/CRC.gif,MONTOYA CANTILLO Paolo Cesar,-,15/06/1985,1
2719,(-),https://cqranking.com/common/flags/ESP.gif,AZNAR VIJUESCA Unai,EUS,26/07/2002,1
2720,(-),https://cqranking.com/common/flags/GER.gif,PETRY Paul-Felix,RRN,15/08/2006,1
2721,(-),https://cqranking.com/common/flags/BUR.gif,ILBOUDO Mohamadi,-,20/11/2000,1
2722,(2548),https://cqranking.com/common/flags/GER.gif,ARENZ Leon,RRN,19/08/2005,1
2723,(-),https://cqranking.com/common/flags/BRN.gif,MADAN Ahmed,BVD,25/08/2000,1
2724,(-),https://cqranking.com/common/flags/FRA.gif,QUETIN Yann,-,10/08/2006,1
2725,(-),https://cqranking.com/common/flags/GBR.gif,HUDSON Harry,LTF,29/08/2007,1
2726,(2285),https://cqranking.com/common/flags/KAZ.gif,KARABUTOV Ilya,-,26/07/2004,1
2727,(-),https://cqranking.com/common/flags/SUI.gif,DENERVAUD Thom,-,03/06/2006,1
2728,(2664),https://cqranking.com/common/flags/GBR.gif,JOLLY Carl,-,20/07/1999,1
2729,(1521),https://cqranking.com/common/flags/HON.gif,LOPEZ NOLASCO Luis Fernando Enrique,-,17/09/1997,1
2730,(-),https://cqranking.com/common/flags/FRA.gif,SAINT MARTIN Pierre,AIX,21/05/2004,1
2731,(-),https://cqranking.com/common/flags/COL.gif,SUAZA ARANGO Bernardo Albeiro,-,28/11/1992,1
2732,(-),https://cqranking.com/common/flags/ITA.gif,SAMBINELLO Mattia,HBG,03/11/2005,1
2733,(1689),https://cqranking.com/common/flags/POR.gif,LIMA Daniel Botelho Freitas,BAC,12/12/2004,1
2734,(2499),https://cqranking.com/common/flags/NED.gif,SCHULTING Peter,-,19/08/1987,1
2735,(-),https://cqranking.com/common/flags/NED.gif,KONING Stef,AVV,18/03/2004,1
2736,(-),https://cqranking.com/common/flags/GER.gif,WEDEKIND Victor,RRN,26/04/2007,1
2737,(-),https://cqranking.com/common/flags/BEL.gif,DAELMANS Lars,PSC,01/12/2007,1
2738,(-),https://cqranking.com/common/flags/UZB.gif,BAHODIROV Behzod,SAB,16/05/2006,1
2739,(-),https://cqranking.com/common/flags/RUS.gif,SERGEEV Georgiy,-,31/08/2005,1
2740,(1473),https://cqranking.com/common/flags/UKR.gif,CHYZHYKOV Heorhii,CTU,14/02/2006,1
2741,(2816),https://cqranking.com/common/flags/TUR.gif,TEKIN Mustafa,STC,06/01/2003,1
2742,(-),https://cqranking.com/common/flags/FRA.gif,ALEXANDRE Arthur,VCR,24/05/2007,1
2743,(-),https://cqranking.com/common/flags/CAN.gif,SEBEL Aidan,-,14/02/2006,1
2744,(-),https://cqranking.com/common/flags/BEL.gif,TORFS Rik,-,24/01/2003,1
2745,(-),https://cqranking.com/common/flags/NED.gif,DEN BRABER Tim,-,04/11/1998,1
2746,(-),https://cqranking.com/common/flags/BRA.gif,ANDRE Andrey Braguni,GSU,10/11/2005,1
2747,(-),https://cqranking.com/common/flags/NED.gif,SILLEKENS Luuk,-,28/09/2001,1
2748,(-),https://cqranking.com/common/flags/CHI.gif,MARQUEZ MARQUEZ Mandel Arnold,-,08/05/1992,1
2749,(2050),https://cqranking.com/common/flags/BUL.gif,GROZEV Gabriel,-,04/05/2003,1
2750,(-),https://cqranking.com/common/flags/FRA.gif,HERNANDEZ REILHE Jan,-,26/03/2007,1
2751,(-),https://cqranking.com/common/flags/NED.gif,VAN DER VOORT Boris,-,16/10/2007,1
2752,(-),https://cqranking.com/common/flags/MGL.gif,BATERDENE Narankhuu,-,23/02/1995,1
2753,(-),https://cqranking.com/common/flags/CAN.gif,WOJCIECHOWSKI Maxim,-,06/09/2007,1
2754,(-),https://cqranking.com/common/flags/ESP.gif,ORMAZABAL GALDOS Kepa,-,07/07/2006,1
2755,(-),https://cqranking.com/common/flags/USA.gif,STREIF Noah,EFA,07/04/2006,1
2756,(-),https://cqranking.com/common/flags/ITA.gif,MILITELLO Jacopo,-,17/04/2004,1
2757,(-),https://cqranking.com/common/flags/ECU.gif,MUÑOZ ENRIQUEZ Brayan Esteven,-,11/12/2006,1
2758,(2563),https://cqranking.com/common/flags/FRA.gif,KAYSER Aurélien,VVB,21/03/2006,1
2759,(1656),https://cqranking.com/common/flags/GUA.gif,MONTERROSO MONTERROSO Dorian Javier,HIN,06/01/1993,1
2760,(-),https://cqranking.com/common/flags/ITA.gif,MONTAGNER Andrea,BCS,15/02/2006,1
2761,(-),https://cqranking.com/common/flags/CZE.gif,PITAK Matej,VLD,19/01/2007,1
2762,(-),https://cqranking.com/common/flags/ALG.gif,FERHAT Ashraf,MCA,14/09/2004,1
2763,(1505),https://cqranking.com/common/flags/UGA.gif,LOROT Lawrence,AMN,15/05/2005,1
2764,(-),https://cqranking.com/common/flags/ESP.gif,BENNASSAR ROSSELLO Joan Marti,-,30/05/1999,1
2765,(-),https://cqranking.com/common/flags/NED.gif,SCHOONVELDE Gijs,RBC,29/01/2007,1
2766,(-),https://cqranking.com/common/flags/IRI.gif,GOMARIAN KHESAL Mehrdad,-,22/06/1991,1
2767,(-),https://cqranking.com/common/flags/AUS.gif,HEATH Will,CBW,11/09/2006,1
2768,(2653),https://cqranking.com/common/flags/PAN.gif,VARGAS MIRANDA Cristopher,-,30/08/2003,1
